Club;Year;Mode;P;V;E;D;GF;GS
Athlético-PR;2003;LG;61;17;10;19;66;72
Athlético-PR;2003;HM;46;14;4;5;44;28
Athlético-PR;2003;AW;15;3;6;14;22;44
Athlético-PR;2003;OP;26;7;5;11;29;33
Athlético-PR;2003;ED;35;10;5;8;37;39
Atlético-MG;2003;LG;72;19;15;12;76;62
Atlético-MG;2003;HM;44;13;5;5;40;27
Atlético-MG;2003;AW;28;6;10;7;36;35
Atlético-MG;2003;OP;38;10;8;5;40;31
Atlético-MG;2003;ED;34;9;7;7;36;31
Bahia;2003;LG;46;12;10;24;59;92
Bahia;2003;HM;39;11;6;6;40;38
Bahia;2003;AW;7;1;4;18;19;54
Bahia;2003;OP;25;6;7;10;27;36
Bahia;2003;ED;21;6;3;14;32;56
Corinthians;2003;LG;57;15;12;19;61;63
Corinthians;2003;HM;37;11;4;8;36;21
Corinthians;2003;AW;20;4;8;11;25;42
Corinthians;2003;OP;33;8;9;6;37;27
Corinthians;2003;ED;24;7;3;13;24;36
Coritiba;2003;LG;73;21;10;15;67;58
Coritiba;2003;HM;47;14;5;4;37;22
Coritiba;2003;AW;26;7;5;11;30;36
Coritiba;2003;OP;39;11;6;6;36;28
Coritiba;2003;ED;34;10;4;9;31;30
Criciúma;2003;LG;60;17;9;20;57;68
Criciúma;2003;HM;45;14;3;6;36;24
Criciúma;2003;AW;15;3;6;14;21;44
Criciúma;2003;OP;37;11;4;8;33;30
Criciúma;2003;ED;23;6;5;12;24;38
Cruzeiro;2003;LG;100;31;7;8;102;47
Cruzeiro;2003;HM;56;17;5;1;61;21
Cruzeiro;2003;AW;44;14;2;7;41;26
Cruzeiro;2003;OP;47;14;5;4;52;29
Cruzeiro;2003;ED;53;17;2;4;50;18
Figueirense;2003;LG;65;17;14;15;62;54
Figueirense;2003;HM;41;11;8;4;41;24
Figueirense;2003;AW;24;6;6;11;21;30
Figueirense;2003;OP;28;7;7;9;25;30
Figueirense;2003;ED;37;10;7;6;37;24
Flamengo;2003;LG;66;18;12;16;66;73
Flamengo;2003;HM;47;14;5;4;38;23
Flamengo;2003;AW;19;4;7;12;28;50
Flamengo;2003;OP;29;7;8;8;32;38
Flamengo;2003;ED;37;11;4;8;34;35
Fluminense;2003;LG;50;13;11;22;52;77
Fluminense;2003;HM;40;11;7;5;36;26
Fluminense;2003;AW;10;2;4;17;16;51
Fluminense;2003;OP;23;6;5;12;27;41
Fluminense;2003;ED;27;7;6;10;25;36
Fortaleza;2003;LG;49;12;13;21;58;74
Fortaleza;2003;HM;36;10;6;7;39;28
Fortaleza;2003;AW;13;2;7;14;19;46
Fortaleza;2003;OP;23;6;5;12;28;38
Fortaleza;2003;ED;26;6;8;9;30;36
Goiás;2003;LG;65;18;11;17;78;63
Goiás;2003;HM;43;12;7;4;47;22
Goiás;2003;AW;22;6;4;13;31;41
Goiás;2003;OP;21;4;9;10;34;39
Goiás;2003;ED;44;14;2;7;44;24
Grêmio;2003;LG;50;13;11;22;54;68
Grêmio;2003;HM;36;10;6;7;33;26
Grêmio;2003;AW;14;3;5;15;21;42
Grêmio;2003;OP;22;6;4;13;24;33
Grêmio;2003;ED;28;7;7;9;30;35
Guarani;2003;LG;61;17;10;19;64;72
Guarani;2003;HM;48;15;3;5;44;25
Guarani;2003;AW;13;2;7;14;20;47
Guarani;2003;OP;31;9;4;10;36;37
Guarani;2003;ED;30;8;6;9;28;35
Internacional;2003;LG;70;20;10;16;59;57
Internacional;2003;HM;46;13;7;3;32;16
Internacional;2003;AW;24;7;3;13;27;41
Internacional;2003;OP;36;10;6;7;32;28
Internacional;2003;ED;34;10;4;9;27;29
Juventude;2003;LG;50;12;14;20;55;70
Juventude;2003;HM;37;9;10;4;36;23
Juventude;2003;AW;13;3;4;16;19;47
Juventude;2003;OP;22;5;7;11;24;40
Juventude;2003;ED;28;7;7;9;31;30
Paraná;2003;LG;65;18;11;17;85;75
Paraná;2003;HM;45;13;6;4;55;30
Paraná;2003;AW;20;5;5;13;30;45
Paraná;2003;OP;35;10;5;8;45;37
Paraná;2003;ED;30;8;6;9;40;38
Paysandu;2003;LG;57;15;12;19;74;77
Paysandu;2003;HM;46;13;7;3;53;26
Paysandu;2003;AW;11;2;5;16;21;51
Paysandu;2003;OP;30;8;6;9;42;41
Paysandu;2003;ED;27;7;6;10;32;36
Ponte Preta;2003;LG;51;11;18;17;63;73
Ponte Preta;2003;HM;31;7;10;6;37;35
Ponte Preta;2003;AW;20;4;8;11;26;38
Ponte Preta;2003;OP;33;8;9;6;34;32
Ponte Preta;2003;ED;18;3;9;11;29;41
Santos;2003;LG;87;25;12;9;93;60
Santos;2003;HM;51;15;6;2;55;29
Santos;2003;AW;36;10;6;7;38;31
Santos;2003;OP;44;13;5;5;43;25
Santos;2003;ED;43;12;7;4;50;35
São Caetano;2003;LG;71;19;14;13;53;37
São Caetano;2003;HM;50;15;5;3;38;14
São Caetano;2003;AW;21;4;9;10;15;23
São Caetano;2003;OP;32;7;11;5;22;21
São Caetano;2003;ED;39;12;3;8;31;16
São Paulo;2003;LG;78;22;12;12;81;67
São Paulo;2003;HM;44;13;5;5;42;28
São Paulo;2003;AW;34;9;7;7;39;39
São Paulo;2003;OP;42;12;6;5;42;32
São Paulo;2003;ED;36;10;6;7;39;35
Vasco;2003;LG;54;13;15;18;57;69
Vasco;2003;HM;40;11;7;5;32;26
Vasco;2003;AW;14;2;8;13;25;43
Vasco;2003;OP;28;7;7;9;30;36
Vasco;2003;ED;26;6;8;9;27;33
Vitória;2003;LG;56;15;11;20;50;64
Vitória;2003;HM;38;11;5;7;30;28
Vitória;2003;AW;18;4;6;13;20;36
Vitória;2003;OP;27;7;6;10;25;37
Vitória;2003;ED;29;8;5;10;25;27
Athlético-PR;2004;LG;86;25;11;10;93;56
Athlético-PR;2004;HM;53;16;5;2;56;18
Athlético-PR;2004;AW;33;9;6;8;37;38
Athlético-PR;2004;OP;38;11;5;7;40;26
Athlético-PR;2004;ED;48;14;6;3;53;30
Atlético-MG;2004;LG;52;12;16;17;60;66
Atlético-MG;2004;HM;36;9;9;5;42;31
Atlético-MG;2004;AW;16;3;7;12;18;35
Atlético-MG;2004;OP;27;6;9;7;32;31
Atlético-MG;2004;ED;25;6;7;10;28;35
Botafogo;2004;LG;51;11;18;17;62;71
Botafogo;2004;HM;35;8;11;4;38;30
Botafogo;2004;AW;16;3;7;13;24;41
Botafogo;2004;OP;22;4;10;9;28;35
Botafogo;2004;ED;29;7;8;8;34;36
Corinthians;2004;LG;74;20;14;12;54;54
Corinthians;2004;HM;43;12;7;4;29;23
Corinthians;2004;AW;31;8;7;8;25;31
Corinthians;2004;OP;34;9;7;7;26;33
Corinthians;2004;ED;40;11;7;5;28;21
Coritiba;2004;LG;62;15;17;14;53;48
Coritiba;2004;HM;38;11;5;7;28;18
Coritiba;2004;AW;24;4;12;7;25;30
Coritiba;2004;OP;33;8;9;6;26;24
Coritiba;2004;ED;29;7;8;8;27;24
Criciúma;2004;LG;50;13;11;22;60;77
Criciúma;2004;HM;39;11;6;6;40;29
Criciúma;2004;AW;11;2;5;16;20;48
Criciúma;2004;OP;32;9;5;9;39;36
Criciúma;2004;ED;18;4;6;13;21;41
Cruzeiro;2004;LG;56;16;8;22;69;81
Cruzeiro;2004;HM;39;12;3;8;45;38
Cruzeiro;2004;AW;17;4;5;14;24;43
Cruzeiro;2004;OP;34;10;4;9;31;31
Cruzeiro;2004;ED;22;6;4;13;38;50
Figueirense;2004;LG;63;17;12;17;57;59
Figueirense;2004;HM;46;13;7;3;31;18
Figueirense;2004;AW;17;4;5;14;26;41
Figueirense;2004;OP;34;8;10;5;27;20
Figueirense;2004;ED;29;9;2;12;30;39
Flamengo;2004;LG;54;13;15;18;51;53
Flamengo;2004;HM;37;10;7;6;33;17
Flamengo;2004;AW;17;3;8;12;18;36
Flamengo;2004;OP;20;4;8;11;18;28
Flamengo;2004;ED;34;9;7;7;33;25
Fluminense;2004;LG;67;18;13;15;65;68
Fluminense;2004;HM;43;12;7;4;34;22
Fluminense;2004;AW;24;6;6;11;31;46
Fluminense;2004;OP;31;8;7;8;30;32
Fluminense;2004;ED;36;10;6;7;35;36
Goiás;2004;LG;72;21;9;16;81;68
Goiás;2004;HM;53;16;5;2;53;20
Goiás;2004;AW;19;5;4;14;28;48
Goiás;2004;OP;36;10;6;7;42;39
Goiás;2004;ED;36;11;3;9;39;29
Grêmio;2004;LG;39;9;12;25;60;80
Grêmio;2004;HM;29;7;8;8;47;35
Grêmio;2004;AW;10;2;4;17;13;45
Grêmio;2004;OP;26;6;8;9;33;33
Grêmio;2004;ED;13;3;4;16;27;47
Guarani;2004;LG;49;11;16;19;43;55
Guarani;2004;HM;34;8;10;5;22;17
Guarani;2004;AW;15;3;6;14;21;38
Guarani;2004;OP;22;5;7;11;18;29
Guarani;2004;ED;27;6;9;8;25;26
Internacional;2004;LG;67;20;7;19;65;58
Internacional;2004;HM;49;15;4;4;43;17
Internacional;2004;AW;18;5;3;15;22;41
Internacional;2004;OP;31;9;4;10;30;29
Internacional;2004;ED;36;11;3;9;35;29
Juventude;2004;LG;70;20;10;16;60;66
Juventude;2004;HM;37;10;7;6;32;25
Juventude;2004;AW;33;10;3;10;28;41
Juventude;2004;OP;38;11;5;7;28;25
Juventude;2004;ED;32;9;5;9;32;41
Palmeiras;2004;LG;78;22;12;11;72;47
Palmeiras;2004;HM;40;12;4;6;39;28
Palmeiras;2004;AW;38;10;8;5;33;19
Palmeiras;2004;OP;39;11;6;5;36;20
Palmeiras;2004;ED;39;11;6;6;36;27
Paraná;2004;LG;54;15;9;22;52;73
Paraná;2004;HM;38;12;2;9;28;24
Paraná;2004;AW;16;3;7;13;24;49
Paraná;2004;OP;20;5;5;13;19;42
Paraná;2004;ED;34;10;4;9;33;31
Paysandu;2004;LG;56;14;14;18;56;76
Paysandu;2004;HM;43;12;7;4;42;29
Paysandu;2004;AW;13;2;7;14;14;47
Paysandu;2004;OP;22;5;7;11;26;40
Paysandu;2004;ED;34;9;7;7;30;36
Ponte Preta;2004;LG;64;19;7;20;43;73
Ponte Preta;2004;HM;37;11;4;8;27;27
Ponte Preta;2004;AW;27;8;3;12;16;46
Ponte Preta;2004;OP;41;13;2;8;25;31
Ponte Preta;2004;ED;23;6;5;12;18;42
Santos;2004;LG;89;27;8;11;103;58
Santos;2004;HM;56;18;2;3;64;23
Santos;2004;AW;33;9;6;8;39;35
Santos;2004;OP;41;13;2;8;51;36
Santos;2004;ED;48;14;6;3;52;22
São Caetano;2004;LG;77;23;8;15;65;49
São Caetano;2004;HM;48;15;3;5;37;17
São Caetano;2004;AW;29;8;5;10;28;32
São Caetano;2004;OP;33;9;6;8;24;21
São Caetano;2004;ED;44;14;2;7;41;28
São Paulo;2004;LG;82;24;10;12;78;43
São Paulo;2004;HM;56;17;5;1;53;20
São Paulo;2004;AW;26;7;5;11;25;23
São Paulo;2004;OP;41;12;5;6;32;22
São Paulo;2004;ED;41;12;5;6;46;21
Vasco;2004;LG;54;14;12;20;64;68
Vasco;2004;HM;33;9;6;8;34;28
Vasco;2004;AW;21;5;6;12;30;40
Vasco;2004;OP;27;7;6;10;35;34
Vasco;2004;ED;27;7;6;10;29;34
Vitória;2004;LG;48;13;9;24;68;87
Vitória;2004;HM;41;12;5;6;50;33
Vitória;2004;AW;7;1;4;18;18;54
Vitória;2004;OP;29;8;5;10;39;38
Vitória;2004;ED;19;5;4;14;29;49
Athlético-PR;2005;LG;61;18;7;17;76;67
Athlético-PR;2005;HM;44;13;5;3;49;26
Athlético-PR;2005;AW;17;5;2;14;27;41
Athlético-PR;2005;OP;25;7;4;10;33;34
Athlético-PR;2005;ED;36;11;3;7;43;33
Atlético-MG;2005;LG;47;13;8;21;54;59
Atlético-MG;2005;HM;22;6;4;11;26;28
Atlético-MG;2005;AW;25;7;4;10;28;31
Atlético-MG;2005;OP;16;4;4;13;28;35
Atlético-MG;2005;ED;31;9;4;8;26;24
Botafogo;2005;LG;59;17;8;17;57;56
Botafogo;2005;HM;40;12;4;5;37;23
Botafogo;2005;AW;19;5;4;12;20;33
Botafogo;2005;OP;30;9;3;9;31;32
Botafogo;2005;ED;29;8;5;8;26;24
Brasiliense;2005;LG;42;10;12;20;49;68
Brasiliense;2005;HM;25;6;7;8;26;30
Brasiliense;2005;AW;17;4;5;12;23;38
Brasiliense;2005;OP;26;6;8;7;30;32
Brasiliense;2005;ED;16;4;4;13;19;36
Corinthians;2005;LG;81;24;9;9;87;59
Corinthians;2005;HM;42;12;6;3;48;30
Corinthians;2005;AW;39;12;3;6;39;29
Corinthians;2005;OP;42;13;3;5;46;37
Corinthians;2005;ED;39;11;6;4;41;22
Coritiba;2005;LG;49;13;10;19;51;60
Coritiba;2005;HM;33;10;3;8;29;29
Coritiba;2005;AW;16;3;7;11;22;31
Coritiba;2005;OP;29;8;5;8;31;31
Coritiba;2005;ED;20;5;5;11;20;29
Cruzeiro;2005;LG;59;17;8;16;72;71
Cruzeiro;2005;HM;37;11;4;6;43;34
Cruzeiro;2005;AW;22;6;4;10;29;37
Cruzeiro;2005;OP;30;8;6;6;37;33
Cruzeiro;2005;ED;29;9;2;10;35;38
Figueirense;2005;LG;53;14;11;17;65;72
Figueirense;2005;HM;38;11;5;5;40;23
Figueirense;2005;AW;15;3;6;12;25;49
Figueirense;2005;OP;18;3;9;9;27;39
Figueirense;2005;ED;35;11;2;8;38;33
Flamengo;2005;LG;54;14;12;15;55;59
Flamengo;2005;HM;31;8;7;5;30;28
Flamengo;2005;AW;23;6;5;10;25;31
Flamengo;2005;OP;22;6;4;10;23;30
Flamengo;2005;ED;32;8;8;5;32;29
Fluminense;2005;LG;68;19;11;12;79;70
Fluminense;2005;HM;37;11;4;6;43;33
Fluminense;2005;AW;31;8;7;6;36;37
Fluminense;2005;OP;38;11;5;5;36;26
Fluminense;2005;ED;30;8;6;7;43;44
Fortaleza;2005;LG;55;16;7;19;58;64
Fortaleza;2005;HM;40;12;4;5;44;29
Fortaleza;2005;AW;15;4;3;14;14;35
Fortaleza;2005;OP;30;9;3;9;27;29
Fortaleza;2005;ED;25;7;4;10;31;35
Goiás;2005;LG;74;22;8;12;68;51
Goiás;2005;HM;45;14;3;4;45;24
Goiás;2005;AW;29;8;5;8;23;27
Goiás;2005;OP;37;11;4;6;31;23
Goiás;2005;ED;37;11;4;6;37;28
Internacional;2005;LG;78;23;9;10;72;49
Internacional;2005;HM;45;14;3;4;39;22
Internacional;2005;AW;33;9;6;6;33;27
Internacional;2005;OP;34;10;4;7;34;30
Internacional;2005;ED;44;13;5;3;38;19
Juventude;2005;LG;55;15;10;17;66;72
Juventude;2005;HM;41;12;5;4;36;23
Juventude;2005;AW;14;3;5;13;30;49
Juventude;2005;OP;27;7;6;8;34;36
Juventude;2005;ED;28;8;4;9;32;36
Palmeiras;2005;LG;70;20;10;12;81;65
Palmeiras;2005;HM;46;14;4;3;46;29
Palmeiras;2005;AW;24;6;6;9;35;36
Palmeiras;2005;OP;32;9;5;7;38;32
Palmeiras;2005;ED;38;11;5;5;43;33
Paraná;2005;LG;61;17;10;15;59;51
Paraná;2005;HM;37;11;4;6;39;25
Paraná;2005;AW;24;6;6;9;20;26
Paraná;2005;OP;37;10;7;4;31;19
Paraná;2005;ED;24;7;3;11;28;32
Paysandu;2005;LG;41;12;5;25;63;92
Paysandu;2005;HM;32;10;2;9;37;35
Paysandu;2005;AW;9;2;3;16;26;57
Paysandu;2005;OP;19;5;4;12;30;42
Paysandu;2005;ED;22;7;1;13;33;50
Ponte Preta;2005;LG;51;15;6;21;63;80
Ponte Preta;2005;HM;36;11;3;7;39;37
Ponte Preta;2005;AW;15;4;3;14;24;43
Ponte Preta;2005;OP;33;10;3;8;34;34
Ponte Preta;2005;ED;18;5;3;13;29;46
Santos;2005;LG;59;16;11;15;68;71
Santos;2005;HM;34;9;7;5;31;24
Santos;2005;AW;25;7;4;10;37;47
Santos;2005;OP;33;9;6;6;40;32
Santos;2005;ED;26;7;5;9;28;39
São Caetano;2005;LG;52;14;10;18;54;60
São Caetano;2005;HM;27;7;6;8;25;25
São Caetano;2005;AW;25;7;4;10;29;35
São Caetano;2005;OP;32;9;5;7;29;27
São Caetano;2005;ED;20;5;5;11;25;33
São Paulo;2005;LG;58;16;10;16;77;67
São Paulo;2005;HM;36;10;6;5;40;29
São Paulo;2005;AW;22;6;4;11;37;38
São Paulo;2005;OP;21;5;6;10;30;36
São Paulo;2005;ED;37;11;4;6;47;31
Vasco;2005;LG;54;14;12;16;75;86
Vasco;2005;HM;39;11;6;4;42;29
Vasco;2005;AW;15;3;6;12;33;57
Vasco;2005;OP;24;6;6;9;38;49
Vasco;2005;ED;30;8;6;7;37;37
Athlético-PR;2006;LG;48;13;9;16;61;62
Athlético-PR;2006;HM;30;9;3;7;33;29
Athlético-PR;2006;AW;18;4;6;9;28;33
Athlético-PR;2006;OP;22;6;4;9;25;24
Athlético-PR;2006;ED;26;7;5;7;36;38
Botafogo;2006;LG;51;13;12;13;52;50
Botafogo;2006;HM;34;10;4;5;35;26
Botafogo;2006;AW;17;3;8;8;17;24
Botafogo;2006;OP;21;4;9;6;21;23
Botafogo;2006;ED;30;9;3;7;31;27
Corinthians;2006;LG;53;15;8;15;41;46
Corinthians;2006;HM;30;9;3;7;22;23
Corinthians;2006;AW;23;6;5;8;19;23
Corinthians;2006;OP;20;6;2;11;20;28
Corinthians;2006;ED;33;9;6;4;21;18
Cruzeiro;2006;LG;53;14;11;13;52;45
Cruzeiro;2006;HM;38;10;8;1;38;20
Cruzeiro;2006;AW;15;4;3;12;14;25
Cruzeiro;2006;OP;27;7;6;6;29;21
Cruzeiro;2006;ED;26;7;5;7;23;24
Figueirense;2006;LG;57;15;12;11;52;44
Figueirense;2006;HM;34;9;7;3;25;15
Figueirense;2006;AW;23;6;5;8;27;29
Figueirense;2006;OP;27;7;6;6;29;25
Figueirense;2006;ED;30;8;6;5;23;19
Flamengo;2006;LG;52;15;7;16;44;48
Flamengo;2006;HM;35;10;5;4;27;17
Flamengo;2006;AW;17;5;2;12;17;31
Flamengo;2006;OP;23;6;5;8;17;21
Flamengo;2006;ED;29;9;2;8;27;27
Fluminense;2006;LG;45;11;12;15;48;58
Fluminense;2006;HM;27;7;6;6;24;23
Fluminense;2006;AW;18;4;6;9;24;35
Fluminense;2006;OP;29;8;5;6;30;30
Fluminense;2006;ED;16;3;7;9;18;28
Fortaleza;2006;LG;38;8;14;16;39;62
Fortaleza;2006;HM;20;5;5;9;25;37
Fortaleza;2006;AW;18;3;9;7;14;25
Fortaleza;2006;OP;20;4;8;7;20;28
Fortaleza;2006;ED;18;4;6;9;19;34
Goiás;2006;LG;55;15;10;13;63;49
Goiás;2006;HM;32;9;5;5;37;25
Goiás;2006;AW;23;6;5;8;26;24
Goiás;2006;OP;21;5;6;8;22;26
Goiás;2006;ED;34;10;4;5;41;23
Grêmio;2006;LG;67;20;7;11;64;45
Grêmio;2006;HM;42;13;3;3;40;16
Grêmio;2006;AW;25;7;4;8;24;29
Grêmio;2006;OP;29;8;5;6;30;26
Grêmio;2006;ED;38;12;2;5;34;19
Internacional;2006;LG;69;20;9;9;52;36
Internacional;2006;HM;36;10;6;3;26;16
Internacional;2006;AW;33;10;3;6;26;20
Internacional;2006;OP;34;9;7;3;27;21
Internacional;2006;ED;35;11;2;6;25;15
Juventude;2006;LG;47;13;8;17;44;54
Juventude;2006;HM;39;11;6;2;28;15
Juventude;2006;AW;8;2;2;15;16;39
Juventude;2006;OP;23;6;5;8;20;22
Juventude;2006;ED;24;7;3;9;24;32
Palmeiras;2006;LG;44;12;8;18;58;70
Palmeiras;2006;HM;34;10;4;5;38;27
Palmeiras;2006;AW;10;2;4;13;20;43
Palmeiras;2006;OP;25;7;4;8;29;32
Palmeiras;2006;ED;19;5;4;10;29;38
Paraná;2006;LG;60;18;6;14;56;49
Paraná;2006;HM;40;12;4;3;27;13
Paraná;2006;AW;20;6;2;11;29;36
Paraná;2006;OP;31;9;4;6;35;25
Paraná;2006;ED;29;9;2;8;21;24
Ponte Preta;2006;LG;39;10;9;19;45;65
Ponte Preta;2006;HM;27;8;3;8;31;28
Ponte Preta;2006;AW;12;2;6;11;14;37
Ponte Preta;2006;OP;22;6;4;9;27;39
Ponte Preta;2006;ED;17;4;5;10;18;26
Santa Cruz;2006;LG;28;7;7;24;41;76
Santa Cruz;2006;HM;22;6;4;9;23;31
Santa Cruz;2006;AW;6;1;3;15;18;45
Santa Cruz;2006;OP;18;4;6;9;23;33
Santa Cruz;2006;ED;10;3;1;15;18;43
Santos;2006;LG;64;18;10;10;58;36
Santos;2006;HM;47;15;2;2;35;12
Santos;2006;AW;17;3;8;8;23;24
Santos;2006;OP;32;9;5;5;27;17
Santos;2006;ED;32;9;5;5;31;19
São Caetano;2006;LG;36;9;9;20;37;53
São Caetano;2006;HM;24;6;6;7;20;20
São Caetano;2006;AW;12;3;3;13;17;33
São Caetano;2006;OP;25;6;7;6;23;23
São Caetano;2006;ED;11;3;2;14;14;30
São Paulo;2006;LG;78;22;12;4;66;32
São Paulo;2006;HM;46;14;4;1;40;14
São Paulo;2006;AW;32;8;8;3;26;18
São Paulo;2006;OP;38;11;5;3;32;21
São Paulo;2006;ED;40;11;7;1;34;11
Vasco;2006;LG;59;15;14;9;57;50
Vasco;2006;HM;33;8;9;2;30;19
Vasco;2006;AW;26;7;5;7;27;31
Vasco;2006;OP;29;8;5;6;26;27
Vasco;2006;ED;30;7;9;3;31;23
América-RN;2007;LG;17;4;5;29;24;80
América-RN;2007;HM;9;2;3;14;12;35
América-RN;2007;AW;8;2;2;15;12;45
América-RN;2007;OP;10;3;1;15;16;42
América-RN;2007;ED;7;1;4;14;8;38
Athlético-PR;2007;LG;54;14;12;12;51;50
Athlético-PR;2007;HM;39;11;6;2;29;15
Athlético-PR;2007;AW;15;3;6;10;22;35
Athlético-PR;2007;OP;22;5;7;7;29;28
Athlético-PR;2007;ED;32;9;5;5;22;22
Atlético-MG;2007;LG;55;15;10;13;63;51
Atlético-MG;2007;HM;32;9;5;5;40;23
Atlético-MG;2007;AW;23;6;5;8;23;28
Atlético-MG;2007;OP;25;7;4;8;29;28
Atlético-MG;2007;ED;30;8;6;5;34;23
Botafogo;2007;LG;55;14;13;12;62;59
Botafogo;2007;HM;34;10;4;5;38;25
Botafogo;2007;AW;21;4;9;7;24;34
Botafogo;2007;OP;33;9;6;5;38;28
Botafogo;2007;ED;22;5;7;7;24;31
Corinthians;2007;LG;44;10;14;14;40;50
Corinthians;2007;HM;25;6;7;6;17;20
Corinthians;2007;AW;19;4;7;8;23;30
Corinthians;2007;OP;26;6;8;5;22;24
Corinthians;2007;ED;18;4;6;9;18;26
Cruzeiro;2007;LG;63;19;6;14;74;58
Cruzeiro;2007;HM;38;12;2;6;44;29
Cruzeiro;2007;AW;25;7;4;8;30;29
Cruzeiro;2007;OP;35;11;2;7;42;36
Cruzeiro;2007;ED;28;8;4;7;32;22
Figueirense;2007;LG;53;14;11;13;57;56
Figueirense;2007;HM;35;10;5;4;35;22
Figueirense;2007;AW;18;4;6;9;22;34
Figueirense;2007;OP;24;6;6;7;28;32
Figueirense;2007;ED;29;8;5;6;29;24
Flamengo;2007;LG;61;17;10;10;55;48
Flamengo;2007;HM;40;12;4;3;37;20
Flamengo;2007;AW;21;5;6;7;18;28
Flamengo;2007;OP;29;8;5;6;31;30
Flamengo;2007;ED;32;9;5;4;24;18
Fluminense;2007;LG;61;16;13;9;57;39
Fluminense;2007;HM;32;8;8;3;30;15
Fluminense;2007;AW;29;8;5;6;27;24
Fluminense;2007;OP;26;6;8;5;21;15
Fluminense;2007;ED;35;10;5;4;36;24
Goiás;2007;LG;45;13;6;19;49;62
Goiás;2007;HM;33;9;6;4;32;26
Goiás;2007;AW;12;4;0;15;17;36
Goiás;2007;OP;29;9;2;8;28;25
Goiás;2007;ED;16;4;4;11;21;37
Grêmio;2007;LG;58;17;7;14;44;43
Grêmio;2007;HM;40;12;4;3;32;17
Grêmio;2007;AW;18;5;3;11;12;26
Grêmio;2007;OP;28;8;4;7;18;20
Grêmio;2007;ED;30;9;3;7;26;23
Internacional;2007;LG;54;15;9;14;49;44
Internacional;2007;HM;38;12;2;5;27;16
Internacional;2007;AW;16;3;7;9;22;28
Internacional;2007;OP;27;8;3;8;26;25
Internacional;2007;ED;27;7;6;6;23;19
Juventude;2007;LG;38;10;8;19;41;64
Juventude;2007;HM;26;6;8;4;23;16
Juventude;2007;AW;12;4;0;15;18;48
Juventude;2007;OP;16;4;4;11;19;35
Juventude;2007;ED;22;6;4;8;22;29
Náutico;2007;LG;46;13;7;17;65;63
Náutico;2007;HM;28;8;4;6;34;23
Náutico;2007;AW;18;5;3;11;31;40
Náutico;2007;OP;20;5;5;9;28;34
Náutico;2007;ED;26;8;2;8;37;29
Palmeiras;2007;LG;58;16;10;12;48;47
Palmeiras;2007;HM;33;10;3;6;27;21
Palmeiras;2007;AW;25;6;7;6;21;26
Palmeiras;2007;OP;30;8;6;5;25;23
Palmeiras;2007;ED;28;8;4;7;23;24
Paraná;2007;LG;41;11;8;18;42;61
Paraná;2007;HM;28;8;4;7;24;21
Paraná;2007;AW;13;3;4;11;18;40
Paraná;2007;OP;24;6;6;7;21;23
Paraná;2007;ED;17;5;2;11;21;38
Santos;2007;LG;62;19;5;14;57;47
Santos;2007;HM;37;11;4;4;36;19
Santos;2007;AW;25;8;1;10;21;28
Santos;2007;OP;27;8;3;8;27;26
Santos;2007;ED;35;11;2;6;30;21
Sport;2007;LG;52;14;10;14;53;53
Sport;2007;HM;39;11;6;3;40;23
Sport;2007;AW;13;3;4;11;13;30
Sport;2007;OP;28;8;4;8;33;34
Sport;2007;ED;24;6;6;6;20;19
São Paulo;2007;LG;77;23;8;7;55;19
São Paulo;2007;HM;42;13;3;3;35;8
São Paulo;2007;AW;35;10;5;4;20;11
São Paulo;2007;OP;39;12;3;4;24;8
São Paulo;2007;ED;38;11;5;3;31;11
Vasco;2007;LG;54;15;9;14;58;48
Vasco;2007;HM;36;11;3;5;40;19
Vasco;2007;AW;18;4;6;9;18;29
Vasco;2007;OP;34;10;4;6;37;24
Vasco;2007;ED;20;5;5;8;21;24
Athlético-PR;2008;LG;45;12;9;17;45;54
Athlético-PR;2008;HM;36;10;6;3;33;17
Athlético-PR;2008;AW;9;2;3;14;12;37
Athlético-PR;2008;OP;20;5;5;9;17;21
Athlético-PR;2008;ED;25;7;4;8;28;33
Atlético-MG;2008;LG;48;12;12;14;50;61
Atlético-MG;2008;HM;35;9;8;2;31;21
Atlético-MG;2008;AW;13;3;4;12;19;40
Atlético-MG;2008;OP;24;6;6;7;25;37
Atlético-MG;2008;ED;24;6;6;7;25;24
Botafogo;2008;LG;53;15;8;14;51;43
Botafogo;2008;HM;31;9;4;6;29;17
Botafogo;2008;AW;22;6;4;8;22;26
Botafogo;2008;OP;31;9;4;5;29;18
Botafogo;2008;ED;22;6;4;9;22;25
Coritiba;2008;LG;53;14;11;13;55;48
Coritiba;2008;HM;36;10;6;3;32;14
Coritiba;2008;AW;17;4;5;10;23;34
Coritiba;2008;OP;32;9;5;5;29;19
Coritiba;2008;ED;21;5;6;8;26;29
Cruzeiro;2008;LG;64;20;4;13;58;44
Cruzeiro;2008;HM;44;14;2;2;34;11
Cruzeiro;2008;AW;20;6;2;11;24;33
Cruzeiro;2008;OP;33;10;3;5;31;19
Cruzeiro;2008;ED;31;10;1;8;27;25
Figueirense;2008;LG;44;11;11;16;49;73
Figueirense;2008;HM;26;7;5;7;30;32
Figueirense;2008;AW;18;4;6;9;19;41
Figueirense;2008;OP;25;6;7;6;24;35
Figueirense;2008;ED;19;5;4;10;25;38
Flamengo;2008;LG;64;18;10;11;67;49
Flamengo;2008;HM;37;11;4;4;42;24
Flamengo;2008;AW;27;7;6;7;25;25
Flamengo;2008;OP;31;9;4;6;30;19
Flamengo;2008;ED;33;9;6;5;37;30
Fluminense;2008;LG;45;11;12;15;49;48
Fluminense;2008;HM;27;7;6;6;24;19
Fluminense;2008;AW;18;4;6;9;25;29
Fluminense;2008;OP;16;4;4;11;21;29
Fluminense;2008;ED;29;7;8;4;28;19
Goiás;2008;LG;53;14;11;13;57;47
Goiás;2008;HM;37;11;4;4;40;20
Goiás;2008;AW;16;3;7;9;17;27
Goiás;2008;OP;23;6;5;8;23;28
Goiás;2008;ED;30;8;6;5;34;19
Grêmio;2008;LG;72;21;9;8;59;35
Grêmio;2008;HM;46;14;4;1;29;10
Grêmio;2008;AW;26;7;5;7;30;25
Grêmio;2008;OP;41;12;5;2;35;12
Grêmio;2008;ED;31;9;4;6;24;23
Internacional;2008;LG;54;15;9;14;48;47
Internacional;2008;HM;43;13;4;2;31;11
Internacional;2008;AW;11;2;5;12;17;36
Internacional;2008;OP;26;7;5;7;21;20
Internacional;2008;ED;28;8;4;7;27;27
Ipatinga;2008;LG;35;9;8;21;37;67
Ipatinga;2008;HM;30;9;3;7;28;25
Ipatinga;2008;AW;5;0;5;14;9;42
Ipatinga;2008;OP;16;4;4;11;20;34
Ipatinga;2008;ED;19;5;4;10;17;33
Juventude;2008;LG;3;1;0;0;2;1
Juventude;2008;HM;3;1;0;0;2;1
Juventude;2008;AW;0;0;0;0;0;0
Juventude;2008;OP;0;0;0;0;0;0
Juventude;2008;ED;3;1;0;0;2;1
Náutico;2008;LG;47;12;11;16;45;54
Náutico;2008;HM;35;10;5;5;28;21
Náutico;2008;AW;12;2;6;11;17;33
Náutico;2008;OP;21;6;3;10;20;29
Náutico;2008;ED;26;6;8;6;25;25
Palmeiras;2008;LG;65;19;8;11;55;45
Palmeiras;2008;HM;44;14;2;3;37;17
Palmeiras;2008;AW;21;5;6;8;18;28
Palmeiras;2008;OP;34;10;4;5;32;21
Palmeiras;2008;ED;31;9;4;6;23;24
Portuguesa;2008;LG;38;9;11;17;47;67
Portuguesa;2008;HM;32;8;8;3;33;23
Portuguesa;2008;AW;6;1;3;14;14;44
Portuguesa;2008;OP;22;6;4;8;25;36
Portuguesa;2008;ED;16;3;7;9;22;31
Santos;2008;LG;45;11;12;15;44;53
Santos;2008;HM;33;9;6;4;34;21
Santos;2008;AW;12;2;6;11;10;32
Santos;2008;OP;17;4;5;10;21;33
Santos;2008;ED;28;7;7;5;23;20
Sport;2008;LG;51;14;9;15;49;47
Sport;2008;HM;38;11;5;2;34;16
Sport;2008;AW;13;3;4;13;15;31
Sport;2008;OP;26;8;2;8;21;24
Sport;2008;ED;25;6;7;7;28;23
São Paulo;2008;LG;75;21;12;5;66;36
São Paulo;2008;HM;46;14;4;1;38;12
São Paulo;2008;AW;29;7;8;4;28;24
São Paulo;2008;OP;33;9;6;4;33;21
São Paulo;2008;ED;42;12;6;1;33;15
Vasco;2008;LG;40;11;7;20;56;71
Vasco;2008;HM;25;7;4;8;36;30
Vasco;2008;AW;15;4;3;12;20;41
Vasco;2008;OP;16;4;4;10;27;38
Vasco;2008;ED;24;7;3;10;29;33
Vitória;2008;LG;51;15;6;16;48;44
Vitória;2008;HM;38;11;5;3;35;15
Vitória;2008;AW;13;4;1;13;13;29
Vitória;2008;OP;31;10;1;7;30;21
Vitória;2008;ED;20;5;5;9;18;23
Athlético-PR;2009;LG;48;13;9;16;42;49
Athlético-PR;2009;HM;33;9;6;4;24;18
Athlético-PR;2009;AW;15;4;3;12;18;31
Athlético-PR;2009;OP;24;7;3;9;21;29
Athlético-PR;2009;ED;24;6;6;7;21;20
Atlético-MG;2009;LG;56;16;8;14;55;56
Atlético-MG;2009;HM;32;9;5;5;26;21
Atlético-MG;2009;AW;24;7;3;9;29;35
Atlético-MG;2009;OP;32;9;5;5;32;25
Atlético-MG;2009;ED;24;7;3;9;23;31
Avaí;2009;LG;57;15;12;11;61;52
Avaí;2009;HM;36;10;6;3;36;22
Avaí;2009;AW;21;5;6;8;25;30
Avaí;2009;OP;30;8;6;5;28;22
Avaí;2009;ED;27;7;6;6;33;30
Barueri;2009;LG;49;12;13;13;59;52
Barueri;2009;HM;37;10;7;2;35;14
Barueri;2009;AW;12;2;6;11;24;38
Barueri;2009;OP;28;7;7;5;38;28
Barueri;2009;ED;21;5;6;8;21;24
Botafogo;2009;LG;47;11;14;13;52;58
Botafogo;2009;HM;31;8;7;5;31;28
Botafogo;2009;AW;16;3;7;8;21;30
Botafogo;2009;OP;21;4;9;6;26;31
Botafogo;2009;ED;26;7;5;7;26;27
Corinthians;2009;LG;52;14;10;14;50;54
Corinthians;2009;HM;32;10;2;7;32;30
Corinthians;2009;AW;20;4;8;7;18;24
Corinthians;2009;OP;28;8;4;7;23;23
Corinthians;2009;ED;24;6;6;7;27;31
Coritiba;2009;LG;45;12;9;17;48;60
Coritiba;2009;HM;34;10;4;5;32;22
Coritiba;2009;AW;11;2;5;12;16;38
Coritiba;2009;OP;19;5;4;10;26;32
Coritiba;2009;ED;26;7;5;7;22;28
Cruzeiro;2009;LG;62;18;8;12;58;53
Cruzeiro;2009;HM;30;9;3;7;30;25
Cruzeiro;2009;AW;32;9;5;5;28;28
Cruzeiro;2009;OP;22;6;4;9;19;28
Cruzeiro;2009;ED;40;12;4;3;39;25
Flamengo;2009;LG;67;19;10;9;58;44
Flamengo;2009;HM;40;12;4;2;32;11
Flamengo;2009;AW;27;7;6;7;26;33
Flamengo;2009;OP;27;7;6;6;28;31
Flamengo;2009;ED;40;12;4;3;30;13
Fluminense;2009;LG;46;11;13;14;49;56
Fluminense;2009;HM;31;8;7;4;27;22
Fluminense;2009;AW;15;3;6;10;22;34
Fluminense;2009;OP;15;3;6;10;21;32
Fluminense;2009;ED;31;8;7;4;28;24
Goiás;2009;LG;55;15;10;13;64;65
Goiás;2009;HM;33;9;6;4;36;29
Goiás;2009;AW;22;6;4;9;28;36
Goiás;2009;OP;35;10;5;4;37;26
Goiás;2009;ED;20;5;5;9;27;39
Grêmio;2009;LG;55;15;10;13;67;46
Grêmio;2009;HM;47;14;5;0;53;19
Grêmio;2009;AW;8;1;5;13;14;27
Grêmio;2009;OP;28;8;4;7;33;22
Grêmio;2009;ED;27;7;6;6;34;24
Internacional;2009;LG;65;19;8;11;65;44
Internacional;2009;HM;40;12;4;3;41;17
Internacional;2009;AW;25;7;4;8;24;27
Internacional;2009;OP;37;11;4;4;37;23
Internacional;2009;ED;28;8;4;7;28;21
Náutico;2009;LG;38;10;8;20;48;71
Náutico;2009;HM;28;8;4;7;24;20
Náutico;2009;AW;10;2;4;13;24;51
Náutico;2009;OP;18;4;6;9;22;37
Náutico;2009;ED;20;6;2;11;26;34
Palmeiras;2009;LG;62;17;11;10;58;45
Palmeiras;2009;HM;40;11;7;1;35;19
Palmeiras;2009;AW;22;6;4;9;23;26
Palmeiras;2009;OP;37;10;7;2;31;17
Palmeiras;2009;ED;25;7;4;8;27;28
Santo André;2009;LG;41;11;8;19;46;61
Santo André;2009;HM;29;8;5;6;29;25
Santo André;2009;AW;12;3;3;13;17;36
Santo André;2009;OP;18;4;6;9;21;29
Santo André;2009;ED;23;7;2;10;25;32
Santos;2009;LG;49;12;13;13;58;58
Santos;2009;HM;30;8;6;5;35;27
Santos;2009;AW;19;4;7;8;23;31
Santos;2009;OP;26;6;8;5;34;34
Santos;2009;ED;23;6;5;8;24;24
Sport;2009;LG;31;7;10;21;48;71
Sport;2009;HM;24;7;3;9;28;29
Sport;2009;AW;7;0;7;12;20;42
Sport;2009;OP;13;3;4;12;24;37
Sport;2009;ED;18;4;6;9;24;34
São Paulo;2009;LG;65;18;11;9;57;42
São Paulo;2009;HM;42;12;6;1;34;13
São Paulo;2009;AW;23;6;5;8;23;29
São Paulo;2009;OP;33;9;6;4;28;21
São Paulo;2009;ED;32;9;5;5;29;21
Vitória;2009;LG;48;13;9;16;51;57
Vitória;2009;HM;38;11;5;3;39;24
Vitória;2009;AW;10;2;4;13;12;33
Vitória;2009;OP;25;7;4;8;27;29
Vitória;2009;ED;23;6;5;8;24;28
Athlético-PR;2010;LG;60;17;9;12;43;45
Athlético-PR;2010;HM;42;12;6;1;27;16
Athlético-PR;2010;AW;18;5;3;11;16;29
Athlético-PR;2010;OP;27;8;3;8;23;28
Athlético-PR;2010;ED;33;9;6;4;20;17
Atlético-GO;2010;LG;42;11;9;18;51;57
Atlético-GO;2010;HM;27;7;6;6;31;24
Atlético-GO;2010;AW;15;4;3;12;20;33
Atlético-GO;2010;OP;17;4;5;10;22;26
Atlético-GO;2010;ED;25;7;4;8;29;31
Atlético-MG;2010;LG;45;13;6;19;52;64
Atlético-MG;2010;HM;28;9;1;9;33;29
Atlético-MG;2010;AW;17;4;5;10;19;35
Atlético-MG;2010;OP;17;5;2;12;23;34
Atlético-MG;2010;ED;28;8;4;7;29;30
Avaí;2010;LG;43;11;10;17;49;58
Avaí;2010;HM;32;9;5;5;34;20
Avaí;2010;AW;11;2;5;12;15;38
Avaí;2010;OP;23;6;5;8;28;29
Avaí;2010;ED;20;5;5;9;21;29
Barueri;2010;LG;31;7;10;21;39;64
Barueri;2010;HM;20;5;5;9;25;25
Barueri;2010;AW;11;2;5;12;14;39
Barueri;2010;OP;19;4;7;8;19;25
Barueri;2010;ED;12;3;3;13;20;39
Botafogo;2010;LG;59;14;17;7;54;42
Botafogo;2010;HM;34;8;10;1;32;19
Botafogo;2010;AW;25;6;7;6;22;23
Botafogo;2010;OP;31;8;7;4;30;20
Botafogo;2010;ED;28;6;10;3;24;22
Ceará;2010;LG;47;10;17;11;35;44
Ceará;2010;HM;36;9;9;1;22;12
Ceará;2010;AW;11;1;8;10;13;32
Ceará;2010;OP;25;6;7;6;15;15
Ceará;2010;ED;22;4;10;5;20;29
Corinthians;2010;LG;68;19;11;8;65;41
Corinthians;2010;HM;47;15;2;2;41;14
Corinthians;2010;AW;21;4;9;6;24;27
Corinthians;2010;OP;37;11;4;4;34;21
Corinthians;2010;ED;31;8;7;4;31;20
Cruzeiro;2010;LG;69;20;9;9;53;38
Cruzeiro;2010;HM;38;11;5;3;27;15
Cruzeiro;2010;AW;31;9;4;6;26;23
Cruzeiro;2010;OP;31;8;7;4;22;17
Cruzeiro;2010;ED;38;12;2;5;31;21
Flamengo;2010;LG;44;9;17;12;41;44
Flamengo;2010;HM;27;6;9;4;24;19
Flamengo;2010;AW;17;3;8;8;17;25
Flamengo;2010;OP;22;5;7;7;14;15
Flamengo;2010;ED;22;4;10;5;27;29
Fluminense;2010;LG;71;20;11;7;62;36
Fluminense;2010;HM;41;12;5;2;31;15
Fluminense;2010;AW;30;8;6;5;31;21
Fluminense;2010;OP;38;11;5;3;32;16
Fluminense;2010;ED;33;9;6;4;30;20
Goiás;2010;LG;33;8;9;21;41;68
Goiás;2010;HM;20;5;5;9;20;29
Goiás;2010;AW;13;3;4;12;21;39
Goiás;2010;OP;13;3;4;12;16;37
Goiás;2010;ED;20;5;5;9;25;31
Grêmio;2010;LG;63;17;12;9;68;43
Grêmio;2010;HM;37;11;4;4;41;20
Grêmio;2010;AW;26;6;8;5;27;23
Grêmio;2010;OP;20;4;8;7;23;26
Grêmio;2010;ED;43;13;4;2;45;17
Guarani;2010;LG;37;8;13;17;33;53
Guarani;2010;HM;30;7;9;3;17;15
Guarani;2010;AW;7;1;4;14;16;38
Guarani;2010;OP;26;6;8;5;22;24
Guarani;2010;ED;11;2;5;12;11;29
Internacional;2010;LG;58;16;10;12;48;41
Internacional;2010;HM;34;9;7;3;25;15
Internacional;2010;AW;24;7;3;9;23;26
Internacional;2010;OP;31;9;4;6;24;20
Internacional;2010;ED;27;7;6;6;24;21
Palmeiras;2010;LG;50;12;14;12;42;43
Palmeiras;2010;HM;29;8;5;6;26;23
Palmeiras;2010;AW;21;4;9;6;16;20
Palmeiras;2010;OP;24;5;9;5;21;22
Palmeiras;2010;ED;26;7;5;7;21;21
Santos;2010;LG;56;15;11;12;63;50
Santos;2010;HM;35;10;5;4;32;16
Santos;2010;AW;21;5;6;8;31;34
Santos;2010;OP;34;10;4;5;30;22
Santos;2010;ED;22;5;7;7;33;28
São Paulo;2010;LG;55;15;10;13;54;54
São Paulo;2010;HM;33;10;3;6;31;27
São Paulo;2010;AW;22;5;7;7;23;27
São Paulo;2010;OP;25;6;7;6;25;25
São Paulo;2010;ED;30;9;3;7;29;29
Vasco;2010;LG;49;11;16;11;43;45
Vasco;2010;HM;36;9;9;1;33;20
Vasco;2010;AW;13;2;7;10;10;25
Vasco;2010;OP;29;7;8;4;21;18
Vasco;2010;ED;20;4;8;7;22;27
Vitória;2010;LG;42;9;15;14;42;48
Vitória;2010;HM;29;7;8;4;29;24
Vitória;2010;AW;13;2;7;10;13;24
Vitória;2010;OP;22;5;7;7;22;26
Vitória;2010;ED;20;4;8;7;20;22
América-MG;2011;LG;37;8;13;17;51;69
América-MG;2011;HM;28;7;7;5;33;27
América-MG;2011;AW;9;1;6;12;18;42
América-MG;2011;OP;13;2;7;10;22;37
América-MG;2011;ED;24;6;6;7;29;32
Athlético-PR;2011;LG;41;10;11;17;38;55
Athlético-PR;2011;HM;32;8;8;3;23;18
Athlético-PR;2011;AW;9;2;3;14;15;37
Athlético-PR;2011;OP;18;4;6;9;20;28
Athlético-PR;2011;ED;23;6;5;8;18;27
Atlético-GO;2011;LG;48;12;12;14;50;45
Atlético-GO;2011;HM;30;9;3;7;25;14
Atlético-GO;2011;AW;18;3;9;7;25;31
Atlético-GO;2011;OP;25;7;4;8;22;21
Atlético-GO;2011;ED;23;5;8;6;28;24
Atlético-MG;2011;LG;45;13;6;19;50;60
Atlético-MG;2011;HM;33;10;3;6;31;21
Atlético-MG;2011;AW;12;3;3;13;19;39
Atlético-MG;2011;OP;15;4;3;12;24;38
Atlético-MG;2011;ED;30;9;3;7;26;22
Avaí;2011;LG;31;7;10;21;45;75
Avaí;2011;HM;19;4;7;8;26;31
Avaí;2011;AW;12;3;3;13;19;44
Avaí;2011;OP;17;4;5;10;21;40
Avaí;2011;ED;14;3;5;11;24;35
Bahia;2011;LG;46;11;13;14;43;49
Bahia;2011;HM;28;7;7;5;26;23
Bahia;2011;AW;18;4;6;9;17;26
Bahia;2011;OP;20;4;8;7;21;27
Bahia;2011;ED;26;7;5;7;22;22
Botafogo;2011;LG;56;16;8;14;52;49
Botafogo;2011;HM;38;11;5;3;37;19
Botafogo;2011;AW;18;5;3;11;15;30
Botafogo;2011;OP;34;10;4;5;29;19
Botafogo;2011;ED;22;6;4;9;23;30
Ceará;2011;LG;39;10;9;19;47;64
Ceará;2011;HM;26;7;5;7;31;25
Ceará;2011;AW;13;3;4;12;16;39
Ceará;2011;OP;25;7;4;8;27;28
Ceará;2011;ED;14;3;5;11;20;36
Corinthians;2011;LG;71;21;8;9;53;36
Corinthians;2011;HM;41;13;2;4;32;19
Corinthians;2011;AW;30;8;6;5;21;17
Corinthians;2011;OP;37;11;4;4;30;18
Corinthians;2011;ED;34;10;4;5;23;18
Coritiba;2011;LG;57;16;9;13;57;41
Coritiba;2011;HM;43;13;4;2;40;13
Coritiba;2011;AW;14;3;5;11;17;28
Coritiba;2011;OP;26;7;5;7;32;24
Coritiba;2011;ED;31;9;4;6;25;17
Cruzeiro;2011;LG;43;11;10;17;48;51
Cruzeiro;2011;HM;29;8;5;6;31;23
Cruzeiro;2011;AW;14;3;5;11;17;28
Cruzeiro;2011;OP;27;8;3;8;26;20
Cruzeiro;2011;ED;16;3;7;9;22;31
Figueirense;2011;LG;58;15;13;10;46;45
Figueirense;2011;HM;30;8;6;5;23;20
Figueirense;2011;AW;28;7;7;5;23;25
Figueirense;2011;OP;26;7;5;7;21;24
Figueirense;2011;ED;32;8;8;3;25;21
Flamengo;2011;LG;61;15;16;7;59;47
Flamengo;2011;HM;34;9;7;3;30;18
Flamengo;2011;AW;27;6;9;4;29;29
Flamengo;2011;OP;36;9;9;1;33;21
Flamengo;2011;ED;25;6;7;6;26;26
Fluminense;2011;LG;63;20;3;15;60;51
Fluminense;2011;HM;36;12;0;7;36;24
Fluminense;2011;AW;27;8;3;8;24;27
Fluminense;2011;OP;25;8;1;10;22;22
Fluminense;2011;ED;38;12;2;5;38;29
Grêmio;2011;LG;48;13;9;16;49;57
Grêmio;2011;HM;33;9;6;4;33;23
Grêmio;2011;AW;15;4;3;12;16;34
Grêmio;2011;OP;24;6;6;7;19;23
Grêmio;2011;ED;24;7;3;9;30;34
Internacional;2011;LG;60;16;12;10;57;43
Internacional;2011;HM;36;10;6;3;34;23
Internacional;2011;AW;24;6;6;7;23;20
Internacional;2011;OP;27;7;6;6;28;24
Internacional;2011;ED;33;9;6;4;29;19
Palmeiras;2011;LG;50;11;17;10;43;39
Palmeiras;2011;HM;33;9;6;4;25;16
Palmeiras;2011;AW;17;2;11;6;18;23
Palmeiras;2011;OP;32;8;8;3;25;14
Palmeiras;2011;ED;18;3;9;7;18;25
Santos;2011;LG;53;15;8;15;55;55
Santos;2011;HM;35;10;5;4;31;20
Santos;2011;AW;18;5;3;11;24;35
Santos;2011;OP;22;6;4;9;23;29
Santos;2011;ED;31;9;4;6;32;26
São Paulo;2011;LG;59;16;11;11;57;46
São Paulo;2011;HM;33;9;6;4;31;18
São Paulo;2011;AW;26;7;5;7;26;28
São Paulo;2011;OP;35;10;5;4;30;23
São Paulo;2011;ED;24;6;6;7;27;23
Vasco;2011;LG;69;19;12;7;57;40
Vasco;2011;HM;40;11;7;1;32;12
Vasco;2011;AW;29;8;5;6;25;28
Vasco;2011;OP;35;10;5;4;26;21
Vasco;2011;ED;34;9;7;3;31;19
Atlético-GO;2012;LG;30;7;9;22;37;67
Atlético-GO;2012;HM;18;5;3;11;21;30
Atlético-GO;2012;AW;12;2;6;11;16;37
Atlético-GO;2012;OP;16;3;7;9;20;33
Atlético-GO;2012;ED;14;4;2;13;17;34
Atlético-MG;2012;LG;72;20;12;6;64;37
Atlético-MG;2012;HM;47;14;5;0;42;15
Atlético-MG;2012;AW;25;6;7;6;22;22
Atlético-MG;2012;OP;43;13;4;2;34;15
Atlético-MG;2012;ED;29;7;8;4;30;22
Bahia;2012;LG;47;11;14;13;37;41
Bahia;2012;HM;24;5;9;5;16;16
Bahia;2012;AW;23;6;5;8;21;25
Bahia;2012;OP;17;3;8;8;15;24
Bahia;2012;ED;30;8;6;5;22;17
Botafogo;2012;LG;53;14;11;13;59;50
Botafogo;2012;HM;31;9;4;6;35;22
Botafogo;2012;AW;22;5;7;7;24;28
Botafogo;2012;OP;26;7;5;7;29;24
Botafogo;2012;ED;27;7;6;6;30;26
Corinthians;2012;LG;57;15;12;11;51;39
Corinthians;2012;HM;36;10;6;3;31;18
Corinthians;2012;AW;21;5;6;8;20;21
Corinthians;2012;OP;24;6;6;7;20;20
Corinthians;2012;ED;33;9;6;4;31;19
Coritiba;2012;LG;49;14;7;17;53;59
Coritiba;2012;HM;36;11;3;5;33;18
Coritiba;2012;AW;13;3;4;12;20;41
Coritiba;2012;OP;20;5;5;9;31;36
Coritiba;2012;ED;29;9;2;8;22;23
Cruzeiro;2012;LG;52;15;7;16;47;51
Cruzeiro;2012;HM;32;9;5;5;26;22
Cruzeiro;2012;AW;20;6;2;11;21;29
Cruzeiro;2012;OP;28;8;4;7;24;27
Cruzeiro;2012;ED;24;7;3;9;23;24
Figueirense;2012;LG;30;7;9;22;39;72
Figueirense;2012;HM;21;5;6;8;23;29
Figueirense;2012;AW;9;2;3;14;16;43
Figueirense;2012;OP;14;3;5;11;18;33
Figueirense;2012;ED;16;4;4;11;21;39
Flamengo;2012;LG;50;12;14;12;39;46
Flamengo;2012;HM;32;8;8;3;23;18
Flamengo;2012;AW;18;4;6;9;16;28
Flamengo;2012;OP;29;8;5;6;23;23
Flamengo;2012;ED;21;4;9;6;16;23
Fluminense;2012;LG;77;22;11;5;61;33
Fluminense;2012;HM;38;11;5;3;30;17
Fluminense;2012;AW;39;11;6;2;31;16
Fluminense;2012;OP;42;12;6;1;31;11
Fluminense;2012;ED;35;10;5;4;30;22
Grêmio;2012;LG;71;20;11;7;56;33
Grêmio;2012;HM;43;13;4;2;30;10
Grêmio;2012;AW;28;7;7;5;26;23
Grêmio;2012;OP;37;12;1;6;29;16
Grêmio;2012;ED;34;8;10;1;27;17
Internacional;2012;LG;52;13;13;12;44;40
Internacional;2012;HM;31;9;4;6;28;19
Internacional;2012;AW;21;4;9;6;16;21
Internacional;2012;OP;31;8;7;4;22;15
Internacional;2012;ED;21;5;6;8;22;25
Náutico;2012;LG;49;14;7;17;44;51
Náutico;2012;HM;42;13;3;3;31;13
Náutico;2012;AW;7;1;4;14;13;38
Náutico;2012;OP;24;7;3;9;24;29
Náutico;2012;ED;25;7;4;8;20;22
Palmeiras;2012;LG;34;9;7;22;39;54
Palmeiras;2012;HM;23;6;5;8;24;21
Palmeiras;2012;AW;11;3;2;14;15;33
Palmeiras;2012;OP;16;4;4;11;18;23
Palmeiras;2012;ED;18;5;3;11;21;31
Ponte Preta;2012;LG;48;12;12;14;37;44
Ponte Preta;2012;HM;34;9;7;3;22;14
Ponte Preta;2012;AW;14;3;5;11;15;30
Ponte Preta;2012;OP;23;6;5;8;21;26
Ponte Preta;2012;ED;25;6;7;6;16;18
Portuguesa;2012;LG;45;10;15;13;39;41
Portuguesa;2012;HM;29;7;8;4;25;14
Portuguesa;2012;AW;16;3;7;9;14;27
Portuguesa;2012;OP;22;5;7;7;17;21
Portuguesa;2012;ED;23;5;8;6;22;20
Santos;2012;LG;53;13;14;11;50;44
Santos;2012;HM;33;8;9;2;32;22
Santos;2012;AW;20;5;5;9;18;22
Santos;2012;OP;26;6;8;5;23;23
Santos;2012;ED;27;7;6;6;27;21
Sport;2012;LG;41;10;11;17;39;56
Sport;2012;HM;27;7;6;6;22;25
Sport;2012;AW;14;3;5;11;17;31
Sport;2012;OP;15;3;6;10;13;26
Sport;2012;ED;26;7;5;7;26;30
São Paulo;2012;LG;66;20;6;12;59;37
São Paulo;2012;HM;47;15;2;2;37;10
São Paulo;2012;AW;19;5;4;10;22;27
São Paulo;2012;OP;31;10;1;8;29;24
São Paulo;2012;ED;35;10;5;4;30;13
Vasco;2012;LG;58;16;10;12;45;44
Vasco;2012;HM;31;9;4;6;28;27
Vasco;2012;AW;27;7;6;6;17;17
Vasco;2012;OP;35;10;5;4;25;17
Vasco;2012;ED;23;6;5;8;20;27
Athlético-PR;2013;LG;64;18;10;10;65;49
Athlético-PR;2013;HM;44;13;5;1;39;17
Athlético-PR;2013;AW;20;5;5;9;26;32
Athlético-PR;2013;OP;34;9;7;3;34;24
Athlético-PR;2013;ED;30;9;3;7;31;25
Atlético-MG;2013;LG;57;15;12;11;49;38
Atlético-MG;2013;HM;44;13;5;1;41;15
Atlético-MG;2013;AW;13;2;7;10;8;23
Atlético-MG;2013;OP;25;6;7;6;22;22
Atlético-MG;2013;ED;32;9;5;5;27;16
Bahia;2013;LG;48;12;12;14;37;45
Bahia;2013;HM;28;7;7;5;20;17
Bahia;2013;AW;20;5;5;9;17;28
Bahia;2013;OP;23;6;5;8;18;24
Bahia;2013;ED;25;6;7;6;19;21
Botafogo;2013;LG;61;17;10;11;55;41
Botafogo;2013;HM;38;11;5;3;30;14
Botafogo;2013;AW;23;6;5;8;25;27
Botafogo;2013;OP;36;10;6;3;32;21
Botafogo;2013;ED;25;7;4;8;23;20
Corinthians;2013;LG;50;11;17;10;27;22
Corinthians;2013;HM;33;8;9;2;17;5
Corinthians;2013;AW;17;3;8;8;10;17
Corinthians;2013;OP;30;7;9;3;19;8
Corinthians;2013;ED;20;4;8;7;8;14
Coritiba;2013;LG;48;12;12;14;42;45
Coritiba;2013;HM;35;10;5;4;29;19
Coritiba;2013;AW;13;2;7;10;13;26
Coritiba;2013;OP;28;7;7;5;23;20
Coritiba;2013;ED;20;5;5;9;19;25
Criciúma;2013;LG;46;13;7;18;49;63
Criciúma;2013;HM;28;8;4;7;26;25
Criciúma;2013;AW;18;5;3;11;23;38
Criciúma;2013;OP;23;7;2;10;25;31
Criciúma;2013;ED;23;6;5;8;24;32
Cruzeiro;2013;LG;76;23;7;8;77;37
Cruzeiro;2013;HM;45;14;3;2;47;16
Cruzeiro;2013;AW;31;9;4;6;30;21
Cruzeiro;2013;OP;40;12;4;3;42;18
Cruzeiro;2013;ED;36;11;3;5;35;19
Flamengo;2013;LG;49;12;13;13;43;46
Flamengo;2013;HM;31;8;7;4;26;20
Flamengo;2013;AW;18;4;6;9;17;26
Flamengo;2013;OP;22;5;7;7;19;23
Flamengo;2013;ED;27;7;6;6;24;23
Fluminense;2013;LG;46;12;10;16;43;47
Fluminense;2013;HM;30;8;6;5;28;24
Fluminense;2013;AW;16;4;4;11;15;23
Fluminense;2013;OP;22;6;4;9;22;26
Fluminense;2013;ED;24;6;6;7;21;21
Goiás;2013;LG;59;16;11;11;48;44
Goiás;2013;HM;36;10;6;3;27;16
Goiás;2013;AW;23;6;5;8;21;28
Goiás;2013;OP;26;6;8;5;19;22
Goiás;2013;ED;33;10;3;6;29;22
Grêmio;2013;LG;65;18;11;9;42;35
Grêmio;2013;HM;40;12;4;3;24;12
Grêmio;2013;AW;25;6;7;6;18;23
Grêmio;2013;OP;34;10;4;5;26;19
Grêmio;2013;ED;31;8;7;4;16;16
Internacional;2013;LG;48;11;15;12;51;52
Internacional;2013;HM;28;7;7;5;30;24
Internacional;2013;AW;20;4;8;7;21;28
Internacional;2013;OP;30;7;9;3;32;27
Internacional;2013;ED;18;4;6;9;19;25
Náutico;2013;LG;20;5;5;28;22;79
Náutico;2013;HM;12;3;3;13;14;35
Náutico;2013;AW;8;2;2;15;8;44
Náutico;2013;OP;10;2;4;13;10;33
Náutico;2013;ED;10;3;1;15;12;46
Ponte Preta;2013;LG;37;9;10;19;37;55
Ponte Preta;2013;HM;22;6;4;9;19;26
Ponte Preta;2013;AW;15;3;6;10;18;29
Ponte Preta;2013;OP;15;4;3;12;20;34
Ponte Preta;2013;ED;22;5;7;7;17;21
Portuguesa;2013;LG;48;12;12;14;50;46
Portuguesa;2013;HM;34;9;7;3;32;17
Portuguesa;2013;AW;14;3;5;11;18;29
Portuguesa;2013;OP;19;4;7;8;26;32
Portuguesa;2013;ED;29;8;5;6;24;14
Santos;2013;LG;57;15;12;11;51;38
Santos;2013;HM;37;10;7;2;28;13
Santos;2013;AW;20;5;5;9;23;25
Santos;2013;OP;29;7;8;4;23;16
Santos;2013;ED;28;8;4;7;28;22
São Paulo;2013;LG;50;14;8;16;39;40
São Paulo;2013;HM;27;8;3;8;23;20
São Paulo;2013;AW;23;6;5;8;16;20
São Paulo;2013;OP;18;4;6;9;17;22
São Paulo;2013;ED;32;10;2;7;22;18
Vasco;2013;LG;44;11;11;16;50;61
Vasco;2013;HM;29;8;5;6;26;23
Vasco;2013;AW;15;3;6;10;24;38
Vasco;2013;OP;24;6;6;7;29;32
Vasco;2013;ED;20;5;5;9;21;29
Vitória;2013;LG;59;16;11;11;59;53
Vitória;2013;HM;39;11;6;2;32;20
Vitória;2013;AW;20;5;5;9;27;33
Vitória;2013;OP;23;6;5;8;23;27
Vitória;2013;ED;36;10;6;3;36;26
Athlético-PR;2014;LG;54;15;9;14;43;42
Athlético-PR;2014;HM;35;10;5;4;24;14
Athlético-PR;2014;AW;19;5;4;10;19;28
Athlético-PR;2014;OP;25;6;7;6;25;26
Athlético-PR;2014;ED;29;9;2;8;18;16
Atlético-MG;2014;LG;62;17;11;10;51;38
Atlético-MG;2014;HM;41;12;5;2;28;12
Atlético-MG;2014;AW;21;5;6;8;23;26
Atlético-MG;2014;OP;30;8;6;5;24;19
Atlético-MG;2014;ED;32;9;5;5;27;19
Bahia;2014;LG;37;9;10;19;31;43
Bahia;2014;HM;22;6;4;9;14;17
Bahia;2014;AW;15;3;6;10;17;26
Bahia;2014;OP;17;3;8;8;11;17
Bahia;2014;ED;20;6;2;11;20;26
Botafogo;2014;LG;34;9;7;22;31;48
Botafogo;2014;HM;29;8;5;6;24;19
Botafogo;2014;AW;5;1;2;16;7;29
Botafogo;2014;OP;22;6;4;9;19;19
Botafogo;2014;ED;12;3;3;13;12;29
Chapecoense;2014;LG;43;11;10;17;39;44
Chapecoense;2014;HM;31;8;7;4;24;11
Chapecoense;2014;AW;12;3;3;13;15;33
Chapecoense;2014;OP;20;5;5;9;13;20
Chapecoense;2014;ED;23;6;5;8;26;24
Corinthians;2014;LG;69;19;12;7;49;31
Corinthians;2014;HM;42;12;6;1;32;15
Corinthians;2014;AW;27;7;6;6;17;16
Corinthians;2014;OP;33;8;9;2;24;12
Corinthians;2014;ED;36;11;3;5;25;19
Coritiba;2014;LG;47;12;11;15;42;45
Coritiba;2014;HM;35;10;5;4;24;11
Coritiba;2014;AW;12;2;6;11;18;34
Coritiba;2014;OP;17;3;8;8;14;18
Coritiba;2014;ED;30;9;3;7;28;27
Criciúma;2014;LG;32;7;11;20;28;56
Criciúma;2014;HM;26;7;5;7;19;20
Criciúma;2014;AW;6;0;6;13;9;36
Criciúma;2014;OP;18;4;6;9;9;25
Criciúma;2014;ED;14;3;5;11;19;31
Cruzeiro;2014;LG;80;24;8;6;67;38
Cruzeiro;2014;HM;47;15;2;2;43;17
Cruzeiro;2014;AW;33;9;6;4;24;21
Cruzeiro;2014;OP;43;13;4;2;41;18
Cruzeiro;2014;ED;37;11;4;4;26;20
Figueirense;2014;LG;47;13;8;17;37;47
Figueirense;2014;HM;26;7;5;7;24;20
Figueirense;2014;AW;21;6;3;10;13;27
Figueirense;2014;OP;24;7;3;9;17;25
Figueirense;2014;ED;23;6;5;8;20;22
Flamengo;2014;LG;52;14;10;14;46;47
Flamengo;2014;HM;35;10;5;4;29;15
Flamengo;2014;AW;17;4;5;10;17;32
Flamengo;2014;OP;25;7;4;8;16;23
Flamengo;2014;ED;27;7;6;6;30;24
Fluminense;2014;LG;61;17;10;11;61;42
Fluminense;2014;HM;39;11;6;2;40;19
Fluminense;2014;AW;22;6;4;9;21;23
Fluminense;2014;OP;31;9;4;6;31;19
Fluminense;2014;ED;30;8;6;5;30;23
Goiás;2014;LG;47;13;8;17;38;40
Goiás;2014;HM;34;10;4;5;30;14
Goiás;2014;AW;13;3;4;12;8;26
Goiás;2014;OP;24;6;6;7;14;19
Goiás;2014;ED;23;7;2;10;24;21
Grêmio;2014;LG;61;17;10;11;36;24
Grêmio;2014;HM;40;12;4;3;24;11
Grêmio;2014;AW;21;5;6;8;12;13
Grêmio;2014;OP;31;9;4;6;17;14
Grêmio;2014;ED;30;8;6;5;19;10
Internacional;2014;LG;69;21;6;11;53;41
Internacional;2014;HM;45;15;0;4;37;16
Internacional;2014;AW;24;6;6;7;16;25
Internacional;2014;OP;34;10;4;5;25;16
Internacional;2014;ED;35;11;2;6;28;25
Palmeiras;2014;LG;40;11;7;20;34;59
Palmeiras;2014;HM;25;7;4;8;21;23
Palmeiras;2014;AW;15;4;3;12;13;36
Palmeiras;2014;OP;18;5;3;11;15;25
Palmeiras;2014;ED;22;6;4;9;19;34
Santos;2014;LG;53;15;8;15;42;35
Santos;2014;HM;33;10;3;6;25;12
Santos;2014;AW;20;5;5;9;17;23
Santos;2014;OP;26;7;5;7;21;15
Santos;2014;ED;27;8;3;8;21;20
Sport;2014;LG;52;14;10;14;36;46
Sport;2014;HM;36;10;6;3;23;16
Sport;2014;AW;16;4;4;11;13;30
Sport;2014;OP;28;8;4;7;16;23
Sport;2014;ED;24;6;6;7;20;23
São Paulo;2014;LG;70;20;10;8;59;40
São Paulo;2014;HM;39;11;6;2;32;16
São Paulo;2014;AW;31;9;4;6;27;24
São Paulo;2014;OP;36;10;6;3;31;20
São Paulo;2014;ED;34;10;4;5;28;20
Vitória;2014;LG;38;10;8;20;37;54
Vitória;2014;HM;23;6;5;8;23;22
Vitória;2014;AW;15;4;3;12;14;32
Vitória;2014;OP;15;3;6;10;17;27
Vitória;2014;ED;23;7;2;10;20;27
Athlético-PR;2015;LG;51;14;9;15;43;48
Athlético-PR;2015;HM;33;9;6;4;30;20
Athlético-PR;2015;AW;18;5;3;11;13;28
Athlético-PR;2015;OP;30;9;3;7;23;21
Athlético-PR;2015;ED;21;5;6;8;20;27
Atlético-MG;2015;LG;69;21;6;11;65;47
Atlético-MG;2015;HM;41;13;2;4;36;20
Atlético-MG;2015;AW;28;8;4;7;29;27
Atlético-MG;2015;OP;36;11;3;5;33;18
Atlético-MG;2015;ED;33;10;3;6;32;29
Avaí;2015;LG;42;11;9;18;38;60
Avaí;2015;HM;29;8;5;6;26;26
Avaí;2015;AW;13;3;4;12;12;34
Avaí;2015;OP;20;5;5;9;18;28
Avaí;2015;ED;22;6;4;9;20;32
Chapecoense;2015;LG;47;12;11;15;34;44
Chapecoense;2015;HM;32;9;5;5;23;19
Chapecoense;2015;AW;15;3;6;10;11;25
Chapecoense;2015;OP;28;8;4;7;17;17
Chapecoense;2015;ED;19;4;7;8;17;27
Corinthians;2015;LG;81;24;9;5;71;31
Corinthians;2015;HM;50;16;2;1;41;11
Corinthians;2015;AW;31;8;7;4;30;20
Corinthians;2015;OP;40;12;4;3;27;14
Corinthians;2015;ED;41;12;5;2;44;17
Coritiba;2015;LG;44;11;11;16;31;42
Coritiba;2015;HM;26;6;8;5;15;14
Coritiba;2015;AW;18;5;3;11;16;28
Coritiba;2015;OP;18;4;6;9;13;23
Coritiba;2015;ED;26;7;5;7;18;19
Cruzeiro;2015;LG;55;15;10;13;44;35
Cruzeiro;2015;HM;36;10;6;3;28;11
Cruzeiro;2015;AW;19;5;4;10;16;24
Cruzeiro;2015;OP;22;6;4;9;15;17
Cruzeiro;2015;ED;33;9;6;4;29;18
Figueirense;2015;LG;43;11;10;17;36;50
Figueirense;2015;HM;27;7;6;6;18;17
Figueirense;2015;AW;16;4;4;11;18;33
Figueirense;2015;OP;20;5;5;9;18;26
Figueirense;2015;ED;23;6;5;8;18;24
Flamengo;2015;LG;49;15;4;19;45;53
Flamengo;2015;HM;27;8;3;8;28;26
Flamengo;2015;AW;22;7;1;11;17;27
Flamengo;2015;OP;23;7;2;10;21;28
Flamengo;2015;ED;26;8;2;9;24;25
Fluminense;2015;LG;47;14;5;19;40;49
Fluminense;2015;HM;33;10;3;6;25;19
Fluminense;2015;AW;14;4;2;13;15;30
Fluminense;2015;OP;33;10;3;6;22;18
Fluminense;2015;ED;14;4;2;13;18;31
Goiás;2015;LG;38;10;8;20;39;49
Goiás;2015;HM;25;7;4;8;22;17
Goiás;2015;AW;13;3;4;12;17;32
Goiás;2015;OP;19;4;7;8;16;16
Goiás;2015;ED;19;6;1;12;23;33
Grêmio;2015;LG;68;20;8;10;52;32
Grêmio;2015;HM;45;14;3;2;35;15
Grêmio;2015;AW;23;6;5;8;17;17
Grêmio;2015;OP;36;11;3;5;29;17
Grêmio;2015;ED;32;9;5;5;23;15
Internacional;2015;LG;60;17;9;12;39;38
Internacional;2015;HM;45;14;3;2;28;9
Internacional;2015;AW;15;3;6;10;11;29
Internacional;2015;OP;25;6;7;6;14;21
Internacional;2015;ED;35;11;2;6;25;17
Joinville;2015;LG;31;7;10;21;26;48
Joinville;2015;HM;25;6;7;6;19;17
Joinville;2015;AW;6;1;3;15;7;31
Joinville;2015;OP;16;4;4;11;13;21
Joinville;2015;ED;15;3;6;10;13;27
Palmeiras;2015;LG;53;15;8;15;60;51
Palmeiras;2015;HM;31;9;4;6;31;23
Palmeiras;2015;AW;22;6;4;9;29;28
Palmeiras;2015;OP;31;9;4;6;32;18
Palmeiras;2015;ED;22;6;4;9;28;33
Ponte Preta;2015;LG;51;13;12;13;41;40
Ponte Preta;2015;HM;31;9;4;6;22;15
Ponte Preta;2015;AW;20;4;8;7;19;25
Ponte Preta;2015;OP;26;6;8;5;21;21
Ponte Preta;2015;ED;25;7;4;8;20;19
Santos;2015;LG;58;16;10;12;59;41
Santos;2015;HM;48;15;3;1;47;15
Santos;2015;AW;10;1;7;11;12;26
Santos;2015;OP;24;6;6;7;25;24
Santos;2015;ED;34;10;4;5;34;17
Sport;2015;LG;59;15;14;9;53;38
Sport;2015;HM;44;13;5;1;33;9
Sport;2015;AW;15;2;9;8;20;29
Sport;2015;OP;31;7;10;2;31;21
Sport;2015;ED;28;8;4;7;22;17
São Paulo;2015;LG;62;18;8;12;53;47
São Paulo;2015;HM;42;12;6;1;35;16
São Paulo;2015;AW;20;6;2;11;18;31
São Paulo;2015;OP;31;9;4;6;25;21
São Paulo;2015;ED;31;9;4;6;28;26
Vasco;2015;LG;41;10;11;17;28;54
Vasco;2015;HM;21;5;6;8;13;23
Vasco;2015;AW;20;5;5;9;15;31
Vasco;2015;OP;13;3;4;12;8;31
Vasco;2015;ED;28;7;7;5;20;23
América-MG;2016;LG;28;7;7;24;23;58
América-MG;2016;HM;24;7;3;9;13;20
América-MG;2016;AW;4;0;4;15;10;38
América-MG;2016;OP;13;3;4;12;12;30
América-MG;2016;ED;15;4;3;12;11;28
Athlético-PR;2016;LG;57;17;6;15;38;32
Athlético-PR;2016;HM;48;15;3;1;27;6
Athlético-PR;2016;AW;9;2;3;14;11;26
Athlético-PR;2016;OP;30;9;3;7;20;18
Athlético-PR;2016;ED;27;8;3;8;18;14
Atlético-MG;2016;LG;63;17;12;9;61;50
Atlético-MG;2016;HM;42;13;3;3;39;20
Atlético-MG;2016;AW;21;4;9;6;22;30
Atlético-MG;2016;OP;35;10;5;4;33;25
Atlético-MG;2016;ED;28;7;7;5;28;25
Botafogo;2016;LG;59;17;8;13;43;39
Botafogo;2016;HM;35;10;5;4;27;17
Botafogo;2016;AW;24;7;3;9;16;22
Botafogo;2016;OP;23;6;5;8;25;30
Botafogo;2016;ED;36;11;3;5;18;9
Chapecoense;2016;LG;53;13;14;11;49;53
Chapecoense;2016;HM;31;8;7;4;25;21
Chapecoense;2016;AW;22;5;7;7;24;32
Chapecoense;2016;OP;24;5;9;5;27;33
Chapecoense;2016;ED;29;8;5;6;22;20
Corinthians;2016;LG;55;15;10;13;48;42
Corinthians;2016;HM;37;10;7;2;27;11
Corinthians;2016;AW;18;5;3;11;21;31
Corinthians;2016;OP;34;10;4;5;28;15
Corinthians;2016;ED;21;5;6;8;20;27
Coritiba;2016;LG;46;11;13;14;41;42
Coritiba;2016;HM;34;9;7;3;29;17
Coritiba;2016;AW;12;2;6;11;12;25
Coritiba;2016;OP;21;5;6;8;21;26
Coritiba;2016;ED;25;6;7;6;20;16
Cruzeiro;2016;LG;51;14;9;15;48;49
Cruzeiro;2016;HM;28;7;7;5;29;26
Cruzeiro;2016;AW;23;7;2;10;19;23
Cruzeiro;2016;OP;19;5;4;10;24;32
Cruzeiro;2016;ED;32;9;5;5;24;17
Figueirense;2016;LG;37;8;13;17;30;50
Figueirense;2016;HM;30;7;9;3;21;16
Figueirense;2016;AW;7;1;4;14;9;34
Figueirense;2016;OP;21;4;9;6;18;23
Figueirense;2016;ED;16;4;4;11;12;27
Flamengo;2016;LG;71;20;11;7;52;35
Flamengo;2016;HM;41;12;5;2;31;16
Flamengo;2016;AW;30;8;6;5;21;19
Flamengo;2016;OP;34;10;4;5;23;19
Flamengo;2016;ED;37;10;7;2;29;16
Fluminense;2016;LG;50;13;11;14;45;45
Fluminense;2016;HM;30;8;6;5;30;24
Fluminense;2016;AW;20;5;5;9;15;21
Fluminense;2016;OP;28;7;7;5;23;20
Fluminense;2016;ED;22;6;4;9;22;25
Grêmio;2016;LG;53;14;11;13;41;44
Grêmio;2016;HM;37;11;4;4;22;11
Grêmio;2016;AW;16;3;7;9;19;33
Grêmio;2016;OP;32;9;5;5;27;21
Grêmio;2016;ED;21;5;6;8;14;23
Internacional;2016;LG;43;11;10;17;35;41
Internacional;2016;HM;32;9;5;5;21;15
Internacional;2016;AW;11;2;5;12;14;26
Internacional;2016;OP;22;6;4;9;21;23
Internacional;2016;ED;21;5;6;8;14;18
Palmeiras;2016;LG;80;24;8;6;62;32
Palmeiras;2016;HM;46;14;4;1;35;13
Palmeiras;2016;AW;34;10;4;5;27;19
Palmeiras;2016;OP;36;11;3;5;35;20
Palmeiras;2016;ED;44;13;5;1;27;12
Ponte Preta;2016;LG;53;15;8;15;48;52
Ponte Preta;2016;HM;41;13;2;4;33;18
Ponte Preta;2016;AW;12;2;6;11;15;34
Ponte Preta;2016;OP;27;8;3;8;23;31
Ponte Preta;2016;ED;26;7;5;7;25;21
Santa Cruz;2016;LG;31;8;7;23;45;69
Santa Cruz;2016;HM;23;7;2;10;27;27
Santa Cruz;2016;AW;8;1;5;13;18;42
Santa Cruz;2016;OP;18;5;3;11;20;26
Santa Cruz;2016;ED;13;3;4;12;25;43
Santos;2016;LG;71;22;5;11;59;35
Santos;2016;HM;47;15;2;2;36;11
Santos;2016;AW;24;7;3;9;23;24
Santos;2016;OP;33;10;3;6;32;17
Santos;2016;ED;38;12;2;5;27;18
Sport;2016;LG;47;13;8;17;49;55
Sport;2016;HM;35;10;5;4;33;22
Sport;2016;AW;12;3;3;13;16;33
Sport;2016;OP;23;6;5;8;29;29
Sport;2016;ED;24;7;3;9;20;26
São Paulo;2016;LG;52;14;10;14;44;36
São Paulo;2016;HM;32;9;5;5;29;13
São Paulo;2016;AW;20;5;5;9;15;23
São Paulo;2016;OP;26;7;5;7;21;20
São Paulo;2016;ED;26;7;5;7;23;16
Vitória;2016;LG;45;12;9;17;51;53
Vitória;2016;HM;28;8;4;7;30;24
Vitória;2016;AW;17;4;5;10;21;29
Vitória;2016;OP;22;5;7;7;24;28
Vitória;2016;ED;23;7;2;10;27;25
Athlético-PR;2017;LG;51;14;9;15;45;43
Athlético-PR;2017;HM;29;8;5;6;29;20
Athlético-PR;2017;AW;22;6;4;9;16;23
Athlético-PR;2017;OP;26;7;5;7;21;22
Athlético-PR;2017;ED;25;7;4;8;24;21
Atlético-GO;2017;LG;36;9;9;20;38;56
Atlético-GO;2017;HM;17;4;5;10;18;23
Atlético-GO;2017;AW;19;5;4;10;20;33
Atlético-GO;2017;OP;12;3;3;13;16;34
Atlético-GO;2017;ED;24;6;6;7;22;22
Atlético-MG;2017;LG;54;14;12;12;52;49
Atlético-MG;2017;HM;25;7;4;8;27;27
Atlético-MG;2017;AW;29;7;8;4;25;22
Atlético-MG;2017;OP;23;6;5;8;19;23
Atlético-MG;2017;ED;31;8;7;4;33;26
Avaí;2017;LG;43;10;13;15;29;48
Avaí;2017;HM;24;5;9;5;15;20
Avaí;2017;AW;19;5;4;10;14;28
Avaí;2017;OP;18;4;6;9;10;25
Avaí;2017;ED;25;6;7;6;19;23
Bahia;2017;LG;50;13;11;14;50;48
Bahia;2017;HM;34;10;4;5;34;21
Bahia;2017;AW;16;3;7;9;16;27
Bahia;2017;OP;23;6;5;8;24;24
Bahia;2017;ED;27;7;6;6;26;24
Botafogo;2017;LG;53;14;11;13;45;42
Botafogo;2017;HM;30;9;3;7;30;25
Botafogo;2017;AW;23;5;8;6;15;17
Botafogo;2017;OP;25;6;7;6;21;20
Botafogo;2017;ED;28;8;4;7;24;22
Chapecoense;2017;LG;54;15;9;14;47;49
Chapecoense;2017;HM;30;9;3;7;24;21
Chapecoense;2017;AW;24;6;6;7;23;28
Chapecoense;2017;OP;22;6;4;9;24;33
Chapecoense;2017;ED;32;9;5;5;23;16
Corinthians;2017;LG;72;21;9;8;50;30
Corinthians;2017;HM;41;12;5;2;32;15
Corinthians;2017;AW;31;9;4;6;18;15
Corinthians;2017;OP;47;14;5;0;32;9
Corinthians;2017;ED;25;7;4;8;18;21
Coritiba;2017;LG;43;11;10;17;42;51
Coritiba;2017;HM;26;7;5;7;21;18
Coritiba;2017;AW;17;4;5;10;21;33
Coritiba;2017;OP;25;7;4;8;21;25
Coritiba;2017;ED;18;4;6;9;21;26
Cruzeiro;2017;LG;57;15;12;11;47;39
Cruzeiro;2017;HM;34;9;7;3;26;17
Cruzeiro;2017;AW;23;6;5;8;21;22
Cruzeiro;2017;OP;27;7;6;6;21;16
Cruzeiro;2017;ED;30;8;6;5;26;23
Flamengo;2017;LG;56;15;11;12;49;38
Flamengo;2017;HM;36;10;6;3;32;13
Flamengo;2017;AW;20;5;5;9;17;25
Flamengo;2017;OP;29;7;8;4;27;19
Flamengo;2017;ED;27;8;3;8;22;19
Fluminense;2017;LG;47;11;14;13;50;53
Fluminense;2017;HM;27;7;6;6;27;24
Fluminense;2017;AW;20;4;8;7;23;29
Fluminense;2017;OP;26;6;8;5;29;27
Fluminense;2017;ED;21;5;6;8;21;26
Grêmio;2017;LG;62;18;8;12;55;36
Grêmio;2017;HM;34;10;4;5;26;13
Grêmio;2017;AW;28;8;4;7;29;23
Grêmio;2017;OP;39;12;3;4;35;18
Grêmio;2017;ED;23;6;5;8;20;18
Palmeiras;2017;LG;63;19;6;13;61;45
Palmeiras;2017;HM;39;12;3;4;35;16
Palmeiras;2017;AW;24;7;3;9;26;29
Palmeiras;2017;OP;32;10;2;7;28;20
Palmeiras;2017;ED;31;9;4;6;33;25
Ponte Preta;2017;LG;39;10;9;19;37;52
Ponte Preta;2017;HM;30;9;3;7;26;21
Ponte Preta;2017;AW;9;1;6;12;11;31
Ponte Preta;2017;OP;23;6;5;8;20;24
Ponte Preta;2017;ED;16;4;4;11;17;28
Santos;2017;LG;63;17;12;9;42;32
Santos;2017;HM;40;12;4;3;25;12
Santos;2017;AW;23;5;8;6;17;20
Santos;2017;OP;35;10;5;4;22;13
Santos;2017;ED;28;7;7;5;20;19
Sport;2017;LG;45;12;9;17;46;58
Sport;2017;HM;28;7;7;5;27;21
Sport;2017;AW;17;5;2;12;19;37
Sport;2017;OP;28;8;4;7;30;26
Sport;2017;ED;17;4;5;10;16;32
São Paulo;2017;LG;50;13;11;14;48;49
São Paulo;2017;HM;35;9;8;2;29;18
São Paulo;2017;AW;15;4;3;12;19;31
São Paulo;2017;OP;19;5;4;10;22;26
São Paulo;2017;ED;31;8;7;4;26;23
Vasco;2017;LG;56;15;11;12;40;47
Vasco;2017;HM;31;8;7;4;21;21
Vasco;2017;AW;25;7;4;8;19;26
Vasco;2017;OP;24;7;3;9;21;30
Vasco;2017;ED;32;8;8;3;19;17
Vitória;2017;LG;43;11;10;17;50;58
Vitória;2017;HM;14;3;5;11;22;31
Vitória;2017;AW;29;8;5;6;28;27
Vitória;2017;OP;19;5;4;10;21;30
Vitória;2017;ED;24;6;6;7;29;28
América-MG;2018;LG;40;10;10;18;30;47
América-MG;2018;HM;31;8;7;4;22;17
América-MG;2018;AW;9;2;3;14;8;30
América-MG;2018;OP;22;6;4;9;18;24
América-MG;2018;ED;18;4;6;9;12;23
Athlético-PR;2018;LG;57;16;9;13;54;37
Athlético-PR;2018;HM;44;14;2;3;44;14
Athlético-PR;2018;AW;13;2;7;10;10;23
Athlético-PR;2018;OP;21;5;6;8;21;19
Athlético-PR;2018;ED;36;11;3;5;33;18
Atlético-MG;2018;LG;59;17;8;13;56;43
Atlético-MG;2018;HM;40;12;4;3;31;15
Atlético-MG;2018;AW;19;5;4;10;25;28
Atlético-MG;2018;OP;33;10;3;6;36;26
Atlético-MG;2018;ED;26;7;5;7;20;17
Bahia;2018;LG;48;12;12;14;39;41
Bahia;2018;HM;37;10;7;2;27;13
Bahia;2018;AW;11;2;5;12;12;28
Bahia;2018;OP;25;6;7;6;22;23
Bahia;2018;ED;23;6;5;8;17;18
Botafogo;2018;LG;51;13;12;13;38;46
Botafogo;2018;HM;37;10;7;2;22;14
Botafogo;2018;AW;14;3;5;11;16;32
Botafogo;2018;OP;22;5;7;7;18;25
Botafogo;2018;ED;29;8;5;6;20;21
Ceará;2018;LG;44;10;14;14;32;38
Ceará;2018;HM;29;7;8;4;18;16
Ceará;2018;AW;15;3;6;10;14;22
Ceará;2018;OP;16;3;7;9;11;22
Ceará;2018;ED;28;7;7;5;21;16
Chapecoense;2018;LG;44;11;11;16;34;50
Chapecoense;2018;HM;35;10;5;4;24;16
Chapecoense;2018;AW;9;1;6;12;10;34
Chapecoense;2018;OP;21;4;9;6;19;26
Chapecoense;2018;ED;23;7;2;10;15;24
Corinthians;2018;LG;44;11;11;16;34;35
Corinthians;2018;HM;35;9;8;2;19;12
Corinthians;2018;AW;9;2;3;14;15;23
Corinthians;2018;OP;26;7;5;7;22;16
Corinthians;2018;ED;18;4;6;9;12;19
Cruzeiro;2018;LG;53;14;11;13;34;34
Cruzeiro;2018;HM;37;11;4;4;25;14
Cruzeiro;2018;AW;16;3;7;9;9;20
Cruzeiro;2018;OP;26;7;5;7;15;16
Cruzeiro;2018;ED;27;7;6;6;19;18
Flamengo;2018;LG;72;21;9;8;59;29
Flamengo;2018;HM;44;14;2;3;30;8
Flamengo;2018;AW;28;7;7;5;29;21
Flamengo;2018;OP;37;11;4;4;29;15
Flamengo;2018;ED;35;10;5;4;30;14
Fluminense;2018;LG;45;12;9;17;32;46
Fluminense;2018;HM;32;9;5;5;17;11
Fluminense;2018;AW;13;3;4;12;15;35
Fluminense;2018;OP;23;6;5;8;19;24
Fluminense;2018;ED;22;6;4;9;13;22
Grêmio;2018;LG;66;18;12;8;48;27
Grêmio;2018;HM;41;12;5;2;36;14
Grêmio;2018;AW;25;6;7;6;12;13
Grêmio;2018;OP;36;10;6;3;23;8
Grêmio;2018;ED;30;8;6;5;25;19
Internacional;2018;LG;69;19;12;7;51;29
Internacional;2018;HM;46;14;4;1;32;10
Internacional;2018;AW;23;5;8;6;19;19
Internacional;2018;OP;38;11;5;3;27;12
Internacional;2018;ED;31;8;7;4;24;17
Palmeiras;2018;LG;80;23;11;4;64;26
Palmeiras;2018;HM;50;16;2;1;42;13
Palmeiras;2018;AW;30;7;9;3;22;13
Palmeiras;2018;OP;33;9;6;4;29;15
Palmeiras;2018;ED;47;14;5;0;35;11
Paraná;2018;LG;23;4;11;23;18;57
Paraná;2018;HM;19;3;10;6;13;23
Paraná;2018;AW;4;1;1;17;5;34
Paraná;2018;OP;14;3;5;11;9;25
Paraná;2018;ED;9;1;6;12;9;32
Santos;2018;LG;50;13;11;14;46;40
Santos;2018;HM;33;9;6;4;28;14
Santos;2018;AW;17;4;5;10;18;26
Santos;2018;OP;21;5;6;8;21;23
Santos;2018;ED;29;8;5;6;25;17
Sport;2018;LG;42;11;9;18;35;57
Sport;2018;HM;30;8;6;5;19;17
Sport;2018;AW;12;3;3;13;16;40
Sport;2018;OP;20;5;5;9;19;30
Sport;2018;ED;22;6;4;9;16;27
São Paulo;2018;LG;63;16;15;7;46;34
São Paulo;2018;HM;38;10;8;1;25;13
São Paulo;2018;AW;25;6;7;6;21;21
São Paulo;2018;OP;41;12;5;2;32;16
São Paulo;2018;ED;22;4;10;5;14;18
Vasco;2018;LG;43;10;13;15;41;48
Vasco;2018;HM;32;9;5;5;29;24
Vasco;2018;AW;11;1;8;10;12;24
Vasco;2018;OP;21;5;6;8;23;29
Vasco;2018;ED;22;5;7;7;18;19
Vitória;2018;LG;37;9;10;19;36;63
Vitória;2018;HM;26;7;5;7;22;24
Vitória;2018;AW;11;2;5;12;14;39
Vitória;2018;OP;19;5;4;10;20;39
Vitória;2018;ED;18;4;6;9;16;24
Athlético-PR;2019;LG;64;18;10;10;51;32
Athlético-PR;2019;HM;39;12;3;4;26;11
Athlético-PR;2019;AW;25;6;7;6;25;21
Athlético-PR;2019;OP;26;8;2;9;25;19
Athlético-PR;2019;ED;38;10;8;1;26;13
Atlético-MG;2019;LG;48;13;9;16;45;49
Atlético-MG;2019;HM;32;10;2;7;28;23
Atlético-MG;2019;AW;16;3;7;9;17;26
Atlético-MG;2019;OP;27;8;3;8;24;23
Atlético-MG;2019;ED;21;5;6;8;21;26
Avaí;2019;LG;20;3;11;24;18;62
Avaí;2019;HM;12;1;9;9;10;24
Avaí;2019;AW;8;2;2;15;8;38
Avaí;2019;OP;13;2;7;10;10;25
Avaí;2019;ED;7;1;4;14;8;37
Bahia;2019;LG;49;12;13;13;44;43
Bahia;2019;HM;29;7;8;4;24;18
Bahia;2019;AW;20;5;5;9;20;25
Bahia;2019;OP;31;8;7;4;22;16
Bahia;2019;ED;18;4;6;9;22;27
Botafogo;2019;LG;43;13;4;21;31;45
Botafogo;2019;HM;29;9;2;8;19;17
Botafogo;2019;AW;14;4;2;13;12;28
Botafogo;2019;OP;27;8;3;8;18;19
Botafogo;2019;ED;16;5;1;13;13;26
CSA;2019;LG;32;8;8;22;24;58
CSA;2019;HM;23;6;5;8;17;24
CSA;2019;AW;9;2;3;14;7;34
CSA;2019;OP;16;3;7;9;8;25
CSA;2019;ED;16;5;1;13;16;33
Ceará;2019;LG;39;10;9;19;36;41
Ceará;2019;HM;30;8;6;5;23;14
Ceará;2019;AW;9;2;3;14;13;27
Ceará;2019;OP;22;6;4;9;21;20
Ceará;2019;ED;17;4;5;10;15;21
Chapecoense;2019;LG;32;7;11;20;31;52
Chapecoense;2019;HM;17;4;5;10;16;22
Chapecoense;2019;AW;15;3;6;10;15;30
Chapecoense;2019;OP;14;3;5;11;17;32
Chapecoense;2019;ED;18;4;6;9;14;20
Corinthians;2019;LG;56;14;14;10;42;34
Corinthians;2019;HM;37;10;7;2;25;13
Corinthians;2019;AW;19;4;7;8;17;21
Corinthians;2019;OP;32;8;8;3;21;12
Corinthians;2019;ED;24;6;6;7;21;22
Cruzeiro;2019;LG;36;7;15;16;27;46
Cruzeiro;2019;HM;23;5;8;6;13;17
Cruzeiro;2019;AW;13;2;7;10;14;29
Cruzeiro;2019;OP;18;4;6;9;16;28
Cruzeiro;2019;ED;18;3;9;7;11;18
Flamengo;2019;LG;90;28;6;4;86;37
Flamengo;2019;HM;53;17;2;0;56;18
Flamengo;2019;AW;37;11;4;4;30;19
Flamengo;2019;OP;42;13;3;3;42;18
Flamengo;2019;ED;48;15;3;1;44;19
Fluminense;2019;LG;46;12;10;16;38;46
Fluminense;2019;HM;25;6;7;6;18;15
Fluminense;2019;AW;21;6;3;10;20;31
Fluminense;2019;OP;18;5;3;11;21;29
Fluminense;2019;ED;28;7;7;5;17;17
Fortaleza;2019;LG;53;15;8;15;50;49
Fortaleza;2019;HM;35;11;2;6;26;17
Fortaleza;2019;AW;18;4;6;9;24;32
Fortaleza;2019;OP;22;6;4;9;22;26
Fortaleza;2019;ED;31;9;4;6;28;23
Goiás;2019;LG;52;15;7;16;46;64
Goiás;2019;HM;36;11;3;5;31;23
Goiás;2019;AW;16;4;4;11;15;41
Goiás;2019;OP;21;6;3;10;17;32
Goiás;2019;ED;31;9;4;6;29;32
Grêmio;2019;LG;65;19;8;11;64;39
Grêmio;2019;HM;39;12;3;4;38;18
Grêmio;2019;AW;26;7;5;7;26;21
Grêmio;2019;OP;28;7;7;5;27;22
Grêmio;2019;ED;37;12;1;6;37;17
Internacional;2019;LG;57;16;9;13;44;39
Internacional;2019;HM;39;11;6;2;28;15
Internacional;2019;AW;18;5;3;11;16;24
Internacional;2019;OP;33;10;3;6;25;17
Internacional;2019;ED;24;6;6;7;19;22
Palmeiras;2019;LG;74;21;11;6;61;32
Palmeiras;2019;HM;43;13;4;2;40;13
Palmeiras;2019;AW;31;8;7;4;21;19
Palmeiras;2019;OP;39;11;6;2;30;14
Palmeiras;2019;ED;35;10;5;4;31;18
Santos;2019;LG;74;22;8;8;60;33
Santos;2019;HM;46;14;4;1;44;15
Santos;2019;AW;28;8;4;7;16;18
Santos;2019;OP;37;11;4;4;30;19
Santos;2019;ED;37;11;4;4;30;14
São Paulo;2019;LG;63;17;12;9;39;30
São Paulo;2019;HM;36;10;6;3;23;12
São Paulo;2019;AW;27;7;6;6;16;18
São Paulo;2019;OP;32;8;8;3;21;13
São Paulo;2019;ED;31;9;4;6;18;17
Vasco;2019;LG;49;12;13;13;39;45
Vasco;2019;HM;27;7;6;6;20;22
Vasco;2019;AW;22;5;7;7;19;23
Vasco;2019;OP;23;6;5;8;18;26
Vasco;2019;ED;26;6;8;5;21;19
Athlético-PR;2020;LG;53;15;8;15;38;36
Athlético-PR;2020;HM;32;9;5;5;20;13
Athlético-PR;2020;AW;21;6;3;10;18;23
Athlético-PR;2020;OP;19;5;4;10;15;20
Athlético-PR;2020;ED;34;10;4;5;23;16
Atlético-GO;2020;LG;50;12;14;12;40;45
Atlético-GO;2020;HM;27;6;9;4;24;21
Atlético-GO;2020;AW;23;6;5;8;16;24
Atlético-GO;2020;OP;22;5;7;7;17;25
Atlético-GO;2020;ED;28;7;7;5;23;20
Atlético-MG;2020;LG;68;20;8;10;64;45
Atlético-MG;2020;HM;46;14;4;1;41;13
Atlético-MG;2020;AW;22;6;4;9;23;32
Atlético-MG;2020;OP;32;10;2;7;31;25
Atlético-MG;2020;ED;36;10;6;3;33;20
Bahia;2020;LG;44;12;8;18;48;59
Bahia;2020;HM;29;9;2;8;27;26
Bahia;2020;AW;15;3;6;10;21;33
Bahia;2020;OP;22;6;4;9;25;29
Bahia;2020;ED;22;6;4;9;23;30
Botafogo;2020;LG;27;5;12;21;32;62
Botafogo;2020;HM;14;3;5;11;16;30
Botafogo;2020;AW;13;2;7;10;16;32
Botafogo;2020;OP;20;3;11;5;19;26
Botafogo;2020;ED;7;2;1;16;13;36
Bragantino;2020;LG;53;13;14;11;50;40
Bragantino;2020;HM;35;10;5;4;34;19
Bragantino;2020;AW;18;3;9;7;16;21
Bragantino;2020;OP;19;4;7;8;22;26
Bragantino;2020;ED;34;9;7;3;28;14
Ceará;2020;LG;52;14;10;14;54;51
Ceará;2020;HM;26;7;5;7;22;25
Ceará;2020;AW;26;7;5;7;32;26
Ceará;2020;OP;24;6;6;7;24;27
Ceará;2020;ED;28;8;4;7;30;24
Corinthians;2020;LG;51;13;12;13;45;45
Corinthians;2020;HM;31;8;7;4;29;23
Corinthians;2020;AW;20;5;5;9;16;22
Corinthians;2020;OP;24;6;6;7;22;26
Corinthians;2020;ED;27;7;6;6;23;19
Coritiba;2020;LG;31;7;10;21;31;54
Coritiba;2020;HM;18;4;6;9;13;19
Coritiba;2020;AW;13;3;4;12;18;35
Coritiba;2020;OP;19;5;4;10;16;24
Coritiba;2020;ED;12;2;6;11;15;30
Flamengo;2020;LG;71;21;8;9;68;48
Flamengo;2020;HM;37;11;4;4;35;23
Flamengo;2020;AW;34;10;4;5;33;25
Flamengo;2020;OP;35;10;5;4;33;25
Flamengo;2020;ED;36;11;3;5;35;23
Fluminense;2020;LG;64;18;10;10;55;42
Fluminense;2020;HM;38;11;5;3;31;14
Fluminense;2020;AW;26;7;5;7;24;28
Fluminense;2020;OP;32;9;5;5;29;21
Fluminense;2020;ED;32;9;5;5;26;21
Fortaleza;2020;LG;41;10;11;17;34;44
Fortaleza;2020;HM;30;8;6;5;20;15
Fortaleza;2020;AW;11;2;5;12;14;29
Fortaleza;2020;OP;25;6;7;6;17;14
Fortaleza;2020;ED;16;4;4;11;17;30
Goiás;2020;LG;37;9;10;19;41;63
Goiás;2020;HM;23;6;5;8;19;28
Goiás;2020;AW;14;3;5;11;22;35
Goiás;2020;OP;12;2;6;11;21;36
Goiás;2020;ED;25;7;4;8;20;27
Grêmio;2020;LG;59;14;17;7;53;40
Grêmio;2020;HM;36;10;6;3;34;23
Grêmio;2020;AW;23;4;11;4;19;17
Grêmio;2020;OP;30;7;9;3;23;18
Grêmio;2020;ED;29;7;8;4;30;22
Internacional;2020;LG;70;20;10;8;61;35
Internacional;2020;HM;41;12;5;2;34;17
Internacional;2020;AW;29;8;5;6;27;18
Internacional;2020;OP;35;10;5;4;30;16
Internacional;2020;ED;35;10;5;4;31;19
Palmeiras;2020;LG;58;15;13;10;51;37
Palmeiras;2020;HM;35;9;8;2;33;16
Palmeiras;2020;AW;23;6;5;8;18;21
Palmeiras;2020;OP;29;7;8;4;26;21
Palmeiras;2020;ED;29;8;5;6;25;16
Santos;2020;LG;54;14;12;12;52;51
Santos;2020;HM;34;9;7;3;35;23
Santos;2020;AW;20;5;5;9;17;28
Santos;2020;OP;30;8;6;5;27;23
Santos;2020;ED;24;6;6;7;25;28
Sport;2020;LG;42;12;6;20;31;50
Sport;2020;HM;26;8;2;9;19;23
Sport;2020;AW;16;4;4;11;12;27
Sport;2020;OP;24;7;3;9;19;26
Sport;2020;ED;18;5;3;11;12;24
São Paulo;2020;LG;66;18;12;8;59;41
São Paulo;2020;HM;37;10;7;2;29;16
São Paulo;2020;AW;29;8;5;6;30;25
São Paulo;2020;OP;37;10;7;2;32;15
São Paulo;2020;ED;29;8;5;6;27;26
Vasco;2020;LG;41;10;11;17;37;56
Vasco;2020;HM;26;7;5;7;21;21
Vasco;2020;AW;15;3;6;10;16;35
Vasco;2020;OP;21;5;6;8;21;26
Vasco;2020;ED;20;5;5;9;16;30
